{
  "registers": {
    "charmander": {
      "normal": {
        "isShiny": false,
        "status": "CAUGHT",
        "discoveredTimestamp": 1728851978116,
        "caughtTimestamp": 1728851978116
      }
    },
    "quaxly": {
      "normal": {
        "isShiny": false,
        "status": "CAUGHT",
        "discoveredTimestamp": 1728852197944,
        "caughtTimestamp": 1728852197944
      }
    },
    "beedrill": {
      "normal": {
        "isShiny": false,
        "status": "SEEN",
        "discoveredTimestamp": 1728852207594
      }
    },
    "lechonk": {
      "normal": {
        "isShiny": false,
        "status": "SEEN",
        "discoveredTimestamp": 1728852212406
      }
    },
    "pachirisu": {
      "normal": {
        "isShiny": false,
        "status": "SEEN",
        "discoveredTimestamp": 1728852216723
      }
    },
    "buneary": {
      "normal": {
        "isShiny": false,
        "status": "SEEN",
        "discoveredTimestamp": 1728852218120
      }
    },
    "sentret": {
      "normal": {
        "isShiny": false,
        "status": "SEEN",
        "discoveredTimestamp": 1728852239353
      }
    },
    "ariados": {
      "normal": {
        "isShiny": false,
        "status": "SEEN",
        "discoveredTimestamp": 1728852266675
      }
    },
    "venipede": {
      "normal": {
        "isShiny": false,
        "status": "SEEN",
        "discoveredTimestamp": 1728852273019
      }
    },
    "mudkip": {
      "normal": {
        "isShiny": false,
        "status": "CAUGHT",
        "discoveredTimestamp": 1728852275354,
        "caughtTimestamp": 1728852275354
      }
    },
    "hariyama": {
      "normal": {
        "isShiny": false,
        "status": "CAUGHT",
        "discoveredTimestamp": 1728852472251,
        "caughtTimestamp": 1728852472251
      }
    },
    "wooloo": {
      "normal": {
        "isShiny": false,
        "status": "SEEN",
        "discoveredTimestamp": 1728852616494
      }
    },
    "zigzagoon": {
      "normal": {
        "isShiny": false,
        "status": "SEEN",
        "discoveredTimestamp": 1728852620843
      }
    },
    "taillow": {
      "normal": {
        "isShiny": false,
        "status": "SEEN",
        "discoveredTimestamp": 1728852622014
      }
    },
    "mareep": {
      "normal": {
        "isShiny": false,
        "status": "SEEN",
        "discoveredTimestamp": 1728852630416
      }
    },
    "bouffalant": {
      "normal": {
        "isShiny": false,
        "status": "CAUGHT",
        "discoveredTimestamp": 1728852635509,
        "caughtTimestamp": 1728852830103
      }
    },
    "combee": {
      "normal": {
        "isShiny": false,
        "status": "SEEN",
        "discoveredTimestamp": 1728852639646
      }
    },
    "furret": {
      "normal": {
        "isShiny": false,
        "status": "SEEN",
        "discoveredTimestamp": 1728852654214
      }
    },
    "bunnelby": {
      "normal": {
        "isShiny": false,
        "status": "SEEN",
        "discoveredTimestamp": 1728852658514
      }
    },
    "mudsdale": {
      "normal": {
        "isShiny": false,
        "status": "CAUGHT",
        "discoveredTimestamp": 1728852665566,
        "caughtTimestamp": 1728855136947
      }
    },
    "stonjourner": {
      "normal": {
        "isShiny": false,
        "status": "SEEN",
        "discoveredTimestamp": 1728852673065
      }
    },
    "misdreavus": {
      "normal": {
        "isShiny": false,
        "status": "SEEN",
        "discoveredTimestamp": 1728852975351
      }
    },
    "basculin": {
      "bluestriped": {
        "isShiny": false,
        "status": "SEEN",
        "discoveredTimestamp": 1728853067351
      }
    },
    "swinub": {
      "normal": {
        "isShiny": false,
        "status": "SEEN",
        "discoveredTimestamp": 1728853082751
      }
    },
    "ponyta": {
      "normal": {
        "isShiny": false,
        "status": "CAUGHT",
        "discoveredTimestamp": 1728853124097,
        "caughtTimestamp": 1728853124097
      },
      "galar": {
        "isShiny": false,
        "status": "CAUGHT",
        "discoveredTimestamp": 1729024698115,
        "caughtTimestamp": 1729024698115
      }
    },
    "arctozolt": {
      "normal": {
        "isShiny": false,
        "status": "SEEN",
        "discoveredTimestamp": 1728853129301
      }
    },
    "riolu": {
      "normal": {
        "isShiny": false,
        "status": "SEEN",
        "discoveredTimestamp": 1728853151101
      }
    },
    "gible": {
      "normal": {
        "isShiny": false,
        "status": "SEEN",
        "discoveredTimestamp": 1728853174300
      }
    },
    "tirtouga": {
      "normal": {
        "isShiny": false,
        "status": "SEEN",
        "discoveredTimestamp": 1728853323451
      }
    },
    "dracovish": {
      "normal": {
        "isShiny": false,
        "status": "SEEN",
        "discoveredTimestamp": 1728853424299
      }
    },
    "tangela": {
      "normal": {
        "isShiny": false,
        "status": "SEEN",
        "discoveredTimestamp": 1728853829298
      }
    },
    "sizzlipede": {
      "normal": {
        "isShiny": false,
        "status": "SEEN",
        "discoveredTimestamp": 1728853897697
      }
    },
    "larvitar": {
      "normal": {
        "isShiny": false,
        "status": "SEEN",
        "discoveredTimestamp": 1728853964996
      }
    },
    "oddish": {
      "normal": {
        "isShiny": false,
        "status": "SEEN",
        "discoveredTimestamp": 1728854092446
      }
    },
    "cottonee": {
      "normal": {
        "isShiny": false,
        "status": "SEEN",
        "discoveredTimestamp": 1728854105696
      }
    },
    "raticate": {
      "normal": {
        "isShiny": false,
        "status": "SEEN",
        "discoveredTimestamp": 1728854109613
      }
    },
    "rookidee": {
      "normal": {
        "isShiny": false,
        "status": "CAUGHT",
        "discoveredTimestamp": 1728854432601,
        "caughtTimestamp": 1728854432601
      }
    },
    "corvisquire": {
      "normal": {
        "isShiny": false,
        "status": "CAUGHT",
        "discoveredTimestamp": 1728854447552,
        "caughtTimestamp": 1728854447552
      }
    },
    "psyduck": {
      "normal": {
        "isShiny": false,
        "status": "SEEN",
        "discoveredTimestamp": 1728854669550
      }
    },
    "scyther": {
      "normal": {
        "isShiny": false,
        "status": "SEEN",
        "discoveredTimestamp": 1728854811343
      }
    },
    "pinsir": {
      "normal": {
        "isShiny": false,
        "status": "SEEN",
        "discoveredTimestamp": 1728854859509
      }
    },
    "charmeleon": {
      "normal": {
        "isShiny": false,
        "status": "CAUGHT",
        "discoveredTimestamp": 1728854899576,
        "caughtTimestamp": 1728854899576
      }
    },
    "tinkatink": {
      "normal": {
        "isShiny": false,
        "status": "SEEN",
        "discoveredTimestamp": 1728854921908
      }
    },
    "wimpod": {
      "normal": {
        "isShiny": false,
        "status": "SEEN",
        "discoveredTimestamp": 1728854941009
      }
    },
    "stufful": {
      "normal": {
        "isShiny": false,
        "status": "SEEN",
        "discoveredTimestamp": 1728855072910
      }
    },
    "bewear": {
      "normal": {
        "isShiny": false,
        "status": "SEEN",
        "discoveredTimestamp": 1728855076159
      }
    },
    "gligar": {
      "normal": {
        "isShiny": false,
        "status": "SEEN",
        "discoveredTimestamp": 1728855190908
      }
    },
    "happiny": {
      "normal": {
        "isShiny": false,
        "status": "SEEN",
        "discoveredTimestamp": 1728855266608
      }
    },
    "quaxwell": {
      "normal": {
        "isShiny": false,
        "status": "CAUGHT",
        "discoveredTimestamp": 1728855434597,
        "caughtTimestamp": 1728855434597
      }
    },
    "spinda": {
      "normal": {
        "isShiny": false,
        "status": "SEEN",
        "discoveredTimestamp": 1728855438133
      }
    },
    "froakie": {
      "normal": {
        "isShiny": false,
        "status": "SEEN",
        "discoveredTimestamp": 1728855718375
      }
    },
    "snorunt": {
      "normal": {
        "isShiny": false,
        "status": "SEEN",
        "discoveredTimestamp": 1728856415312
      }
    },
    "carvanha": {
      "normal": {
        "isShiny": false,
        "status": "SEEN",
        "discoveredTimestamp": 1728856458299
      }
    },
    "lurantis": {
      "normal": {
        "isShiny": false,
        "status": "CAUGHT",
        "discoveredTimestamp": 1728856572146,
        "caughtTimestamp": 1729025390705
      }
    },
    "primeape": {
      "normal": {
        "isShiny": false,
        "status": "CAUGHT",
        "discoveredTimestamp": 1728856785347,
        "caughtTimestamp": 1728856785347
      }
    },
    "scorbunny": {
      "normal": {
        "isShiny": false,
        "status": "CAUGHT",
        "discoveredTimestamp": 1728865773145,
        "caughtTimestamp": 1728865773145
      }
    },
    "nidorino": {
      "normal": {
        "isShiny": false,
        "status": "SEEN",
        "discoveredTimestamp": 1728866040338
      }
    },
    "rhyhorn": {
      "normal": {
        "isShiny": false,
        "status": "CAUGHT",
        "discoveredTimestamp": 1728942484810,
        "caughtTimestamp": 1728942484810
      }
    },
    "naganadel": {
      "normal": {
        "isShiny": false,
        "status": "CAUGHT",
        "discoveredTimestamp": 1728942623339,
        "caughtTimestamp": 1728942623339
      }
    },
    "marshtomp": {
      "normal": {
        "isShiny": false,
        "status": "CAUGHT",
        "discoveredTimestamp": 1728943827529,
        "caughtTimestamp": 1728943827529
      }
    },
    "sandile": {
      "normal": {
        "isShiny": false,
        "status": "SEEN",
        "discoveredTimestamp": 1728944012702
      }
    },
    "shedinja": {
      "normal": {
        "isShiny": false,
        "status": "SEEN",
        "discoveredTimestamp": 1728944759906
      }
    },
    "nidorina": {
      "normal": {
        "isShiny": false,
        "status": "SEEN",
        "discoveredTimestamp": 1728944954102
      }
    },
    "dwebble": {
      "normal": {
        "isShiny": false,
        "status": "SEEN",
        "discoveredTimestamp": 1728945600226
      }
    },
    "swampert": {
      "normal": {
        "isShiny": false,
        "status": "CAUGHT",
        "discoveredTimestamp": 1728945929274,
        "caughtTimestamp": 1728945929274
      }
    },
    "klefki": {
      "normal": {
        "isShiny": false,
        "status": "SEEN",
        "discoveredTimestamp": 1728946557473
      }
    },
    "machop": {
      "normal": {
        "isShiny": false,
        "status": "CAUGHT",
        "discoveredTimestamp": 1729025247855,
        "caughtTimestamp": 1729025247855
      }
    },
    "growlithe": {
      "normal": {
        "isShiny": false,
        "status": "CAUGHT",
        "discoveredTimestamp": 1729025727159,
        "caughtTimestamp": 1729025727159
      }
    },
    "ditto": {
      "normal": {
        "isShiny": false,
        "status": "CAUGHT",
        "discoveredTimestamp": 1729283017278,
        "caughtTimestamp": 1729283017278
      }
    },
    "rapidash": {
      "normal": {
        "isShiny": false,
        "status": "CAUGHT",
        "discoveredTimestamp": 1729284599622,
        "caughtTimestamp": 1729284599622
      }
    },
    "charizard": {
      "normal": {
        "isShiny": false,
        "status": "CAUGHT",
        "discoveredTimestamp": 1729287794432,
        "caughtTimestamp": 1729287794432
      }
    },
    "persian": {
      "normal": {
        "isShiny": false,
        "status": "CAUGHT",
        "discoveredTimestamp": 1729298272165,
        "caughtTimestamp": 1729298272165
      }
    },
    "whimsicott": {
      "normal": {
        "isShiny": false,
        "status": "CAUGHT",
        "discoveredTimestamp": 1729357484836,
        "caughtTimestamp": 1729357484836
      }
    },
    "sneasel": {
      "hisui": {
        "isShiny": false,
        "status": "CAUGHT",
        "discoveredTimestamp": 1729360009694,
        "caughtTimestamp": 1729360009694
      }
    },
    "annihilape": {
      "normal": {
        "isShiny": false,
        "status": "CAUGHT",
        "discoveredTimestamp": 1729364127439,
        "caughtTimestamp": 1729364127439
      }
    },
    "copperajah": {
      "normal": {
        "isShiny": false,
        "status": "CAUGHT",
        "discoveredTimestamp": 1729885298314,
        "caughtTimestamp": 1729885298314
      }
    },
    "gossifleur": {
      "normal": {
        "isShiny": false,
        "status": "CAUGHT",
        "discoveredTimestamp": 1729888829758,
        "caughtTimestamp": 1729888829758
      }
    }
  }
}