{"SURVIVAL":{"enderChestContents":{},"bedSpawnLocation":{"==":"org.bukkit.Location","world":"world","x":-578.5,"y":111.1,"z":-53.5,"pitch":0.0,"yaw":-132.53796},"potions":[],"offHandItem":{"==":"org.bukkit.inventory.ItemStack","v":3465,"type":"AIR","amount":0},"armorContents":{"0":{"==":"org.bukkit.inventory.ItemStack","v":3465,"type":"GOLDEN_BOOTS","meta":{"==":"ItemMeta","meta-type":"ARMOR","Damage":4}},"1":{"==":"org.bukkit.inventory.ItemStack","v":3465,"type":"IRON_LEGGINGS","meta":{"==":"ItemMeta","meta-type":"ARMOR","Damage":15}},"3":{"==":"org.bukkit.inventory.ItemStack","v":3465,"type":"IRON_HELMET","meta":{"==":"ItemMeta","meta-type":"ARMOR","Damage":15}}},"inventoryContents":{"22":{"==":"org.bukkit.inventory.ItemStack","v":3465,"type":"PAPER"},"23":{"==":"org.bukkit.inventory.ItemStack","v":3465,"type":"IRON_SWORD","meta":{"==":"ItemMeta","meta-type":"UNSPECIFIC","enchants":{"KNOCKBACK":1},"Damage":175}},"24":{"==":"org.bukkit.inventory.ItemStack","v":3465,"type":"CREATE_SAND_PAPER"},"25":{"==":"org.bukkit.inventory.ItemStack","v":3465,"type":"SUGAR_CANE","amount":13},"26":{"==":"org.bukkit.inventory.ItemStack","v":3465,"type":"CREATE_MECHANICAL_MIXER"},"29":{"==":"org.bukkit.inventory.ItemStack","v":3465,"type":"REDSTONE","amount":61},"30":{"==":"org.bukkit.inventory.ItemStack","v":3465,"type":"CREATE_SAND_PAPER","meta":{"==":"ItemMeta","meta-type":"UNSPECIFIC","Damage":1}},"31":{"==":"org.bukkit.inventory.ItemStack","v":3465,"type":"CREATE_POLISHED_ROSE_QUARTZ"},"11":{"==":"org.bukkit.inventory.ItemStack","v":3465,"type":"CREATE_ANDESITE_SCAFFOLDING"},"12":{"==":"org.bukkit.inventory.ItemStack","v":3465,"type":"STONE_AXE","meta":{"==":"ItemMeta","meta-type":"UNSPECIFIC","Damage":18}},"13":{"==":"org.bukkit.inventory.ItemStack","v":3465,"type":"OAK_LOG","amount":33},"14":{"==":"org.bukkit.inventory.ItemStack","v":3465,"type":"IRON_INGOT","amount":7},"36":{"==":"org.bukkit.inventory.ItemStack","v":3465,"type":"GOLDEN_BOOTS","meta":{"==":"ItemMeta","meta-type":"ARMOR","Damage":4}},"15":{"==":"org.bukkit.inventory.ItemStack","v":3465,"type":"BUCKET"},"37":{"==":"org.bukkit.inventory.ItemStack","v":3465,"type":"IRON_LEGGINGS","meta":{"==":"ItemMeta","meta-type":"ARMOR","Damage":15}},"16":{"==":"org.bukkit.inventory.ItemStack","v":3465,"type":"SIMPLEDRILLS_DIAMOND_DRILL","meta":{"==":"ItemMeta","meta-type":"UNSPECIFIC","Damage":14}},"17":{"==":"org.bukkit.inventory.ItemStack","v":3465,"type":"TORCH","amount":13},"39":{"==":"org.bukkit.inventory.ItemStack","v":3465,"type":"IRON_HELMET","meta":{"==":"ItemMeta","meta-type":"ARMOR","Damage":15}},"19":{"==":"org.bukkit.inventory.ItemStack","v":3465,"type":"OAK_FENCE","amount":10},"0":{"==":"org.bukkit.inventory.ItemStack","v":3465,"type":"CREATE_EMPTY_BLAZE_BURNER"},"1":{"==":"org.bukkit.inventory.ItemStack","v":3465,"type":"IRON_AXE","meta":{"==":"ItemMeta","meta-type":"UNSPECIFIC","Damage":158}},"2":{"==":"org.bukkit.inventory.ItemStack","v":3465,"type":"IRON_PICKAXE","meta":{"==":"ItemMeta","meta-type":"UNSPECIFIC","Damage":102}},"3":{"==":"org.bukkit.inventory.ItemStack","v":3465,"type":"CRAFTING_TABLE"},"4":{"==":"org.bukkit.inventory.ItemStack","v":3465,"type":"SNOUT_ARMOR_TRIM_SMITHING_TEMPLATE"},"9":{"==":"org.bukkit.inventory.ItemStack","v":3465,"type":"COOKED_PORKCHOP"},"20":{"==":"org.bukkit.inventory.ItemStack","v":3465,"type":"BOW","meta":{"==":"ItemMeta","meta-type":"UNSPECIFIC","Damage":50}},"21":{"==":"org.bukkit.inventory.ItemStack","v":3465,"type":"RAW_COPPER","amount":31}},"stats":{"ex":"1.4010006","ma":"300","fl":"20","el":"7","hp":"20.0","xp":"0.7619048","txp":"107","ft":"-20","fd":"0.0","sa":"2.0","ra":"300"}}}