{"SURVIVAL":{"bedSpawnLocation":{"==":"org.bukkit.Location","world":"world","x":-578.5,"y":111.0999984741211,"z":-53.5,"pitch":0.0,"yaw":-3.0064697},"inventoryContents":{"25":{"==":"org.bukkit.inventory.ItemStack","v":3465,"type":"OAK_PLANKS","amount":29},"12":{"==":"org.bukkit.inventory.ItemStack","v":3465,"type":"GUNPOWDER","amount":3},"14":{"==":"org.bukkit.inventory.ItemStack","v":3465,"type":"COBBLESTONE","amount":16},"0":{"==":"org.bukkit.inventory.ItemStack","v":3465,"type":"STONE_PICKAXE","meta":{"==":"ItemMeta","meta-type":"UNSPECIFIC","Damage":4}},"1":{"==":"org.bukkit.inventory.ItemStack","v":3465,"type":"STONE_AXE"},"6":{"==":"org.bukkit.inventory.ItemStack","v":3465,"type":"RAW_IRON"},"8":{"==":"org.bukkit.inventory.ItemStack","v":3465,"type":"WOODEN_PICKAXE","meta":{"==":"ItemMeta","meta-type":"UNSPECIFIC","Damage":22}},"9":{"==":"org.bukkit.inventory.ItemStack","v":3465,"type":"COAL","amount":5}},"potions":[],"armorContents":{"0":{"==":"org.bukkit.inventory.ItemStack","v":3465,"type":"LEATHER_BOOTS"},"1":{"==":"org.bukkit.inventory.ItemStack","v":3465,"type":"LEATHER_LEGGINGS"},"2":{"==":"org.bukkit.inventory.ItemStack","v":3465,"type":"LEATHER_CHESTPLATE"},"3":{"==":"org.bukkit.inventory.ItemStack","v":3465,"type":"LEATHER_HELMET"}},"enderChestContents":{},"offHandItem":{"==":"org.bukkit.inventory.ItemStack","v":3465,"type":"AIR","amount":0},"stats":{"ex":"3.2600036","ma":"300","fl":"20","el":"0","xp":"0.0","hp":"20.0","txp":"0","fd":"0.0","ft":"-20","sa":"0.0","ra":"300"}}}