{"SURVIVAL":{"enderChestContents":{},"bedSpawnLocation":{"==":"org.bukkit.Location","world":"world","x":-578.5,"y":111.1,"z":-53.5,"pitch":0.0,"yaw":-132.53796},"potions":[],"offHandItem":{"==":"org.bukkit.inventory.ItemStack","v":3465,"type":"TORCH","amount":14},"armorContents":{"1":{"==":"org.bukkit.inventory.ItemStack","v":3465,"type":"IRON_LEGGINGS"},"3":{"==":"org.bukkit.inventory.ItemStack","v":3465,"type":"IRON_HELMET"}},"inventoryContents":{"22":{"==":"org.bukkit.inventory.ItemStack","v":3465,"type":"COBGYMS_GYM_KEY"},"23":{"==":"org.bukkit.inventory.ItemStack","v":3465,"type":"CREATE_ANDESITE_SCAFFOLDING"},"24":{"==":"org.bukkit.inventory.ItemStack","v":3465,"type":"APPLE","amount":10},"25":{"==":"org.bukkit.inventory.ItemStack","v":3465,"type":"ARROW","amount":2},"27":{"==":"org.bukkit.inventory.ItemStack","v":3465,"type":"CREATE_ANDESITE_ALLOY","amount":4},"28":{"==":"org.bukkit.inventory.ItemStack","v":3465,"type":"OAK_FENCE","amount":10},"29":{"==":"org.bukkit.inventory.ItemStack","v":3465,"type":"BOW","meta":{"==":"ItemMeta","meta-type":"UNSPECIFIC","Damage":50}},"30":{"==":"org.bukkit.inventory.ItemStack","v":3465,"type":"OAK_LOG","amount":42},"10":{"==":"org.bukkit.inventory.ItemStack","v":3465,"type":"CREATE_IRON_SHEET"},"11":{"==":"org.bukkit.inventory.ItemStack","v":3465,"type":"HONEY_BOTTLE"},"33":{"==":"org.bukkit.inventory.ItemStack","v":3465,"type":"STICK","amount":6},"12":{"==":"org.bukkit.inventory.ItemStack","v":3465,"type":"COAL","amount":15},"13":{"==":"org.bukkit.inventory.ItemStack","v":3465,"type":"QUARTZ","amount":14},"35":{"==":"org.bukkit.inventory.ItemStack","v":3465,"type":"BONE","amount":2},"15":{"==":"org.bukkit.inventory.ItemStack","v":3465,"type":"STONE_AXE","meta":{"==":"ItemMeta","meta-type":"UNSPECIFIC","Damage":18}},"37":{"==":"org.bukkit.inventory.ItemStack","v":3465,"type":"IRON_LEGGINGS"},"16":{"==":"org.bukkit.inventory.ItemStack","v":3465,"type":"IRON_INGOT","amount":19},"17":{"==":"org.bukkit.inventory.ItemStack","v":3465,"type":"LEATHER","amount":2},"39":{"==":"org.bukkit.inventory.ItemStack","v":3465,"type":"IRON_HELMET"},"18":{"==":"org.bukkit.inventory.ItemStack","v":3465,"type":"COBBLESTONE","amount":57},"19":{"==":"org.bukkit.inventory.ItemStack","v":3465,"type":"POLISHED_DIORITE","amount":4},"0":{"==":"org.bukkit.inventory.ItemStack","v":3465,"type":"IRON_AXE","meta":{"==":"ItemMeta","meta-type":"UNSPECIFIC","Damage":132}},"1":{"==":"org.bukkit.inventory.ItemStack","v":3465,"type":"IRON_PICKAXE","meta":{"==":"ItemMeta","meta-type":"UNSPECIFIC","Damage":82}},"40":{"==":"org.bukkit.inventory.ItemStack","v":3465,"type":"TORCH","amount":14},"20":{"==":"org.bukkit.inventory.ItemStack","v":3465,"type":"BUCKET"},"21":{"==":"org.bukkit.inventory.ItemStack","v":3465,"type":"CREATE_SHAFT","amount":4}},"stats":{"ex":"0.0","ma":"300","fl":"20","el":"0","hp":"20.0","xp":"0.0","txp":"0","ft":"-20","fd":"0.0","sa":"5.0","ra":"300"}}}