{"SURVIVAL":{"enderChestContents":{},"potions":[],"offHandItem":{"==":"org.bukkit.inventory.ItemStack","v":3465,"type":"AIR","amount":0},"armorContents":{},"inventoryContents":{"0":{"==":"org.bukkit.inventory.ItemStack","v":3465,"type":"COBGYMS_LESSER_SHARD","amount":3},"1":{"==":"org.bukkit.inventory.ItemStack","v":3465,"type":"COBBLEMON_POKE_BALL","amount":2},"2":{"==":"org.bukkit.inventory.ItemStack","v":3465,"type":"IRON_INGOT","amount":8},"3":{"==":"org.bukkit.inventory.ItemStack","v":3465,"type":"COBBLEMON_HEAL_BALL","amount":4},"4":{"==":"org.bukkit.inventory.ItemStack","v":3465,"type":"COBBLEMON_EXP_CANDY_S","amount":2},"5":{"==":"org.bukkit.inventory.ItemStack","v":3465,"type":"COBBLEMON_REVIVE"},"6":{"==":"org.bukkit.inventory.ItemStack","v":3465,"type":"COBBLEMON_POTION","amount":3}},"stats":{"ex":"4.0770025","ma":"300","fl":"20","el":"4","hp":"20.0","xp":"0.066666715","txp":"41","ft":"-20","fd":"0.0","sa":"4.0","ra":"300"}}}