{
  "uuid": "4a0eb709-d446-33fa-8072-970a203fd647",
  "starterPrompted": true,
  "starterLocked": false,
  "starterSelected": true,
  "starterUUID": "62c03715-3c98-4be3-9311-549844438e9b",
  "keyItems": [],
  "battleTheme": "cobblemon:battle.pvp.default",
  "extraData": {
    "cobbledex_discovery": {
      "registers": {
        "scorbunny": {
          "normal": {
            "isShiny": false,
            "status": "CAUGHT",
            "discoveredTimestamp": 1728865773143,
            "caughtTimestamp": 1728865773143
          }
        },
        "machop": {
          "normal": {
            "isShiny": false,
            "status": "CAUGHT",
            "discoveredTimestamp": 1729025247854,
            "caughtTimestamp": 1729025247854
          }
        },
        "lurantis": {
          "normal": {
            "isShiny": false,
            "status": "CAUGHT",
            "discoveredTimestamp": 1729025390705,
            "caughtTimestamp": 1729025390705
          }
        },
        "growlithe": {
          "normal": {
            "isShiny": false,
            "status": "CAUGHT",
            "discoveredTimestamp": 1729025727159,
            "caughtTimestamp": 1729025727159
          }
        }
      },
      "name": "cobbledex_discovery"
    },
    "Cobbledex_RewardHistory": {
      "received": [],
      "name": "Cobbledex_RewardHistory"
    }
  },
  "advancementData": {
    "totalCaptureCount": 3,
    "totalEggsHatched": 0,
    "totalEvolvedCount": 0,
    "totalBattleVictoryCount": 8,
    "totalPvPBattleVictoryCount": 0,
    "totalPvWBattleVictoryCount": 8,
    "totalPvNBattleVictoryCount": 0,
    "totalShinyCaptureCount": 0,
    "totalTradedCount": 0,
    "totalTypeCaptureCounts": {
      "fighting": 1,
      "grass": 1,
      "fire": 1
    },
    "totalDefeatedCounts": {
      "cobblemon:zigzagoon": 1,
      "cobblemon:seedot": 1,
      "cobblemon:zubat": 1,
      "cobblemon:bidoof": 1,
      "cobblemon:shroomish": 1
    },
    "aspectsCollected": {}
  }
}