{"SURVIVAL":{"enderChestContents":{},"bedSpawnLocation":{"==":"org.bukkit.Location","world":"world","x":-578.5,"y":111.1,"z":-53.5,"pitch":0.0,"yaw":-132.53796},"potions":[],"offHandItem":{"==":"org.bukkit.inventory.ItemStack","v":3465,"type":"AIR","amount":0},"armorContents":{"1":{"==":"org.bukkit.inventory.ItemStack","v":3465,"type":"IRON_LEGGINGS","meta":{"==":"ItemMeta","meta-type":"ARMOR","Damage":11}},"3":{"==":"org.bukkit.inventory.ItemStack","v":3465,"type":"IRON_HELMET","meta":{"==":"ItemMeta","meta-type":"ARMOR","Damage":11}}},"inventoryContents":{"22":{"==":"org.bukkit.inventory.ItemStack","v":3465,"type":"PAPER"},"23":{"==":"org.bukkit.inventory.ItemStack","v":3465,"type":"ARROW","amount":2},"24":{"==":"org.bukkit.inventory.ItemStack","v":3465,"type":"CREATE_SAND_PAPER"},"25":{"==":"org.bukkit.inventory.ItemStack","v":3465,"type":"SUGAR_CANE","amount":13},"26":{"==":"org.bukkit.inventory.ItemStack","v":3465,"type":"CREATE_MECHANICAL_MIXER"},"27":{"==":"org.bukkit.inventory.ItemStack","v":3465,"type":"IRON_AXE","meta":{"==":"ItemMeta","meta-type":"UNSPECIFIC","Damage":146}},"28":{"==":"org.bukkit.inventory.ItemStack","v":3465,"type":"CREATE_IRON_SHEET"},"29":{"==":"org.bukkit.inventory.ItemStack","v":3465,"type":"REDSTONE","amount":61},"30":{"==":"org.bukkit.inventory.ItemStack","v":3465,"type":"CREATE_SAND_PAPER","meta":{"==":"ItemMeta","meta-type":"UNSPECIFIC","Damage":1}},"31":{"==":"org.bukkit.inventory.ItemStack","v":3465,"type":"CREATE_POLISHED_ROSE_QUARTZ"},"10":{"==":"org.bukkit.inventory.ItemStack","v":3465,"type":"QUARTZ","amount":13},"11":{"==":"org.bukkit.inventory.ItemStack","v":3465,"type":"CREATE_ANDESITE_SCAFFOLDING"},"12":{"==":"org.bukkit.inventory.ItemStack","v":3465,"type":"STONE_AXE","meta":{"==":"ItemMeta","meta-type":"UNSPECIFIC","Damage":18}},"13":{"==":"org.bukkit.inventory.ItemStack","v":3465,"type":"OAK_LOG","amount":34},"14":{"==":"org.bukkit.inventory.ItemStack","v":3465,"type":"OAK_PLANKS","amount":2},"15":{"==":"org.bukkit.inventory.ItemStack","v":3465,"type":"BUCKET"},"37":{"==":"org.bukkit.inventory.ItemStack","v":3465,"type":"IRON_LEGGINGS","meta":{"==":"ItemMeta","meta-type":"ARMOR","Damage":11}},"16":{"==":"org.bukkit.inventory.ItemStack","v":3465,"type":"SIMPLEDRILLS_DIAMOND_DRILL","meta":{"==":"ItemMeta","meta-type":"UNSPECIFIC","Damage":14}},"17":{"==":"org.bukkit.inventory.ItemStack","v":3465,"type":"TORCH","amount":13},"39":{"==":"org.bukkit.inventory.ItemStack","v":3465,"type":"IRON_HELMET","meta":{"==":"ItemMeta","meta-type":"ARMOR","Damage":11}},"18":{"==":"org.bukkit.inventory.ItemStack","v":3465,"type":"IRON_INGOT","amount":10},"19":{"==":"org.bukkit.inventory.ItemStack","v":3465,"type":"OAK_FENCE","amount":10},"0":{"==":"org.bukkit.inventory.ItemStack","v":3465,"type":"CREATE_EMPTY_BLAZE_BURNER"},"1":{"==":"org.bukkit.inventory.ItemStack","v":3465,"type":"IRON_PICKAXE","meta":{"==":"ItemMeta","meta-type":"UNSPECIFIC","Damage":242}},"2":{"==":"org.bukkit.inventory.ItemStack","v":3465,"type":"COBBLESTONE","amount":43},"9":{"==":"org.bukkit.inventory.ItemStack","v":3465,"type":"NETHERRACK","amount":38},"20":{"==":"org.bukkit.inventory.ItemStack","v":3465,"type":"BOW","meta":{"==":"ItemMeta","meta-type":"UNSPECIFIC","Damage":50}},"21":{"==":"org.bukkit.inventory.ItemStack","v":3465,"type":"RAW_COPPER","amount":31}},"stats":{"ex":"0.0","ma":"300","fl":"20","el":"6","hp":"20.0","xp":"0.6315789","txp":"84","ft":"-20","fd":"0.0","sa":"5.0","ra":"300"}}}