{"SURVIVAL":{"inventoryContents":{"22":{"==":"org.bukkit.inventory.ItemStack","v":3465,"type":"WOODEN_AXE"},"23":{"==":"org.bukkit.inventory.ItemStack","v":3465,"type":"SIMPLEDRILLS_DIAMOND_DRILL"},"24":{"==":"org.bukkit.inventory.ItemStack","v":3465,"type":"COBBLEMON_QUICK_BALL","amount":57},"25":{"==":"org.bukkit.inventory.ItemStack","v":3465,"type":"FLINT_AND_STEEL"},"26":{"==":"org.bukkit.inventory.ItemStack","v":3465,"type":"JUSTHAMMERS_IRON_HAMMER","meta":{"==":"ItemMeta","meta-type":"UNSPECIFIC","enchants":{"DIG_SPEED":5},"Unbreakable":true}},"27":{"==":"org.bukkit.inventory.ItemStack","v":3465,"type":"BARRIER","amount":49,"meta":{"==":"ItemMeta","meta-type":"UNSPECIFIC","display-name":"{\"extra\":[{\"bold\":false,\"italic\":false,\"underlined\":false,\"strikethrough\":false,\"obfuscated\":false,\"color\":\"dark_red\",\"text\":\"NADA\"}],\"text\":\"\"}"}},"29":{"==":"org.bukkit.inventory.ItemStack","v":3465,"type":"COBBLEMON_POKE_BALL","amount":11},"30":{"==":"org.bukkit.inventory.ItemStack","v":3465,"type":"COBBLEMON_RED_APRICORN"},"10":{"==":"org.bukkit.inventory.ItemStack","v":3465,"type":"COBBLEMON_BLUE_APRICORN","amount":35},"32":{"==":"org.bukkit.inventory.ItemStack","v":3465,"type":"OAK_PLANKS","amount":247},"11":{"==":"org.bukkit.inventory.ItemStack","v":3465,"type":"OBSIDIAN","amount":54},"12":{"==":"org.bukkit.inventory.ItemStack","v":3465,"type":"RED_DYE"},"13":{"==":"org.bukkit.inventory.ItemStack","v":3465,"type":"COBBLEMON_RELIC_COIN","amount":118},"35":{"==":"org.bukkit.inventory.ItemStack","v":3465,"type":"IRON_AXE","meta":{"==":"ItemMeta","meta-type":"UNSPECIFIC","Damage":23}},"14":{"==":"org.bukkit.inventory.ItemStack","v":3465,"type":"DIAMOND","amount":54},"36":{"==":"org.bukkit.inventory.ItemStack","v":3465,"type":"DIAMOND_BOOTS","meta":{"==":"ItemMeta","meta-type":"ARMOR","Damage":46}},"15":{"==":"org.bukkit.inventory.ItemStack","v":3465,"type":"JUSTHAMMERS_STONE_HAMMER","meta":{"==":"ItemMeta","meta-type":"UNSPECIFIC","enchants":{"DIG_SPEED":10},"Unbreakable":true}},"37":{"==":"org.bukkit.inventory.ItemStack","v":3465,"type":"DIAMOND_LEGGINGS","meta":{"==":"ItemMeta","meta-type":"ARMOR","Damage":46}},"16":{"==":"org.bukkit.inventory.ItemStack","v":3465,"type":"BONE","amount":15},"38":{"==":"org.bukkit.inventory.ItemStack","v":3465,"type":"DIAMOND_CHESTPLATE","meta":{"==":"ItemMeta","meta-type":"ARMOR","Damage":46}},"17":{"==":"org.bukkit.inventory.ItemStack","v":3465,"type":"IRON_PICKAXE","meta":{"==":"ItemMeta","meta-type":"UNSPECIFIC","enchants":{"LOOT_BONUS_BLOCKS":5,"DIG_SPEED":60},"Unbreakable":true}},"39":{"==":"org.bukkit.inventory.ItemStack","v":3465,"type":"DIAMOND_HELMET","meta":{"==":"ItemMeta","meta-type":"ARMOR","Damage":46}},"18":{"==":"org.bukkit.inventory.ItemStack","v":3465,"type":"COBBLEMON_RELIC_COIN_SACK","amount":3,"meta":{"==":"ItemMeta","meta-type":"UNSPECIFIC","display-name":"{\"extra\":[{\"bold\":false,\"italic\":false,\"underlined\":false,\"strikethrough\":false,\"obfuscated\":false,\"color\":\"#084CFB\",\"text\":\"B\"},{\"bold\":false,\"italic\":false,\"underlined\":false,\"strikethrough\":false,\"obfuscated\":false,\"color\":\"#0E52FB\",\"text\":\"o\"},{\"bold\":false,\"italic\":false,\"underlined\":false,\"strikethrough\":false,\"obfuscated\":false,\"color\":\"#1559FB\",\"text\":\"l\"},{\"bold\":false,\"italic\":false,\"underlined\":false,\"strikethrough\":false,\"obfuscated\":false,\"color\":\"#1B5FFB\",\"text\":\"s\"},{\"bold\":false,\"italic\":false,\"underlined\":false,\"strikethrough\":false,\"obfuscated\":false,\"color\":\"#2166FB\",\"text\":\"ó\"},{\"bold\":false,\"italic\":false,\"underlined\":false,\"strikethrough\":false,\"obfuscated\":false,\"color\":\"#286CFB\",\"text\":\"n \"},{\"bold\":false,\"italic\":false,\"underlined\":false,\"strikethrough\":false,\"obfuscated\":false,\"color\":\"#3479FC\",\"text\":\"D\"},{\"bold\":false,\"italic\":false,\"underlined\":false,\"strikethrough\":false,\"obfuscated\":false,\"color\":\"#3B7FFC\",\"text\":\"e \"},{\"bold\":false,\"italic\":false,\"underlined\":false,\"strikethrough\":false,\"obfuscated\":false,\"color\":\"#478CFC\",\"text\":\"M\"},{\"bold\":false,\"italic\":false,\"underlined\":false,\"strikethrough\":false,\"obfuscated\":false,\"color\":\"#4E93FC\",\"text\":\"o\"},{\"bold\":false,\"italic\":false,\"underlined\":false,\"strikethrough\":false,\"obfuscated\":false,\"color\":\"#5499FC\",\"text\":\"n\"},{\"bold\":false,\"italic\":false,\"underlined\":false,\"strikethrough\":false,\"obfuscated\":false,\"color\":\"#5BA0FC\",\"text\":\"e\"},{\"bold\":false,\"italic\":false,\"underlined\":false,\"strikethrough\":false,\"obfuscated\":false,\"color\":\"#61A6FC\",\"text\":\"d\"},{\"bold\":false,\"italic\":false,\"underlined\":false,\"strikethrough\":false,\"obfuscated\":false,\"color\":\"#67ACFC\",\"text\":\"a\"},{\"bold\":false,\"italic\":false,\"underlined\":false,\"strikethrough\":false,\"obfuscated\":false,\"color\":\"#6EB3FC\",\"text\":\"s \"},{\"bold\":false,\"italic\":false,\"underlined\":false,\"strikethrough\":false,\"obfuscated\":false,\"color\":\"#7AC0FC\",\"text\":\"ᴇ\"},{\"bold\":false,\"italic\":false,\"underlined\":false,\"strikethrough\":false,\"obfuscated\":false,\"color\":\"#81C6FC\",\"text\":\"ɴ\"},{\"bold\":false,\"italic\":false,\"underlined\":false,\"strikethrough\":false,\"obfuscated\":false,\"color\":\"#87CCFD\",\"text\":\"ᴄ\"},{\"bold\":false,\"italic\":false,\"underlined\":false,\"strikethrough\":false,\"obfuscated\":false,\"color\":\"#8DD3FD\",\"text\":\"ᴀ\"},{\"bold\":false,\"italic\":false,\"underlined\":false,\"strikethrough\":false,\"obfuscated\":false,\"color\":\"#94D9FD\",\"text\":\"ɴ\"},{\"bold\":false,\"italic\":false,\"underlined\":false,\"strikethrough\":false,\"obfuscated\":false,\"color\":\"#9AE0FD\",\"text\":\"ᴛ\"},{\"bold\":false,\"italic\":false,\"underlined\":false,\"strikethrough\":false,\"obfuscated\":false,\"color\":\"#A0E6FD\",\"text\":\"ᴀ\"},{\"bold\":false,\"italic\":false,\"underlined\":false,\"strikethrough\":false,\"obfuscated\":false,\"color\":\"#A7EDFD\",\"text\":\"ᴅ\"},{\"bold\":false,\"italic\":false,\"underlined\":false,\"strikethrough\":false,\"obfuscated\":false,\"color\":\"#ADF3FD\",\"text\":\"ᴀ\"}],\"text\":\"\"}","enchants":{"DIG_SPEED":2},"ItemFlags":["HIDE_ENCHANTS","HIDE_ATTRIBUTES","HIDE_UNBREAKABLE","HIDE_DESTROYS","HIDE_PLACED_ON","HIDE_POTION_EFFECTS","HIDE_DYE","HIDE_ARMOR_TRIM"]}},"19":{"==":"org.bukkit.inventory.ItemStack","v":3465,"type":"CREATE_RAW_ZINC","amount":9},"9":{"==":"org.bukkit.inventory.ItemStack","v":3465,"type":"COBBLEMON_PINK_APRICORN","amount":5},"20":{"==":"org.bukkit.inventory.ItemStack","v":3465,"type":"COOKED_MUTTON","amount":19},"21":{"==":"org.bukkit.inventory.ItemStack","v":3465,"type":"FLINT_AND_STEEL","meta":{"==":"ItemMeta","meta-type":"UNSPECIFIC","Damage":8}}},"enderChestContents":{"0":{"==":"org.bukkit.inventory.ItemStack","v":3465,"type":"TRIPWIRE_HOOK","amount":63,"meta":{"==":"ItemMeta","meta-type":"UNSPECIFIC","display-name":"{\"extra\":[{\"bold\":false,\"italic\":false,\"underlined\":false,\"strikethrough\":false,\"obfuscated\":false,\"color\":\"#CB2D3E\",\"text\":\"P\"},{\"bold\":false,\"italic\":false,\"underlined\":false,\"strikethrough\":false,\"obfuscated\":false,\"color\":\"#CE2F3E\",\"text\":\"o\"},{\"bold\":false,\"italic\":false,\"underlined\":false,\"strikethrough\":false,\"obfuscated\":false,\"color\":\"#D2323D\",\"text\":\"k\"},{\"bold\":false,\"italic\":false,\"underlined\":false,\"strikethrough\":false,\"obfuscated\":false,\"color\":\"#D5343D\",\"text\":\"e\"},{\"bold\":false,\"italic\":false,\"underlined\":false,\"strikethrough\":false,\"obfuscated\":false,\"color\":\"#D8363D\",\"text\":\"b\"},{\"bold\":false,\"italic\":false,\"underlined\":false,\"strikethrough\":false,\"obfuscated\":false,\"color\":\"#DB393C\",\"text\":\"o\"},{\"bold\":false,\"italic\":false,\"underlined\":false,\"strikethrough\":false,\"obfuscated\":false,\"color\":\"#DF3B3C\",\"text\":\"l\"},{\"bold\":false,\"italic\":false,\"underlined\":false,\"strikethrough\":false,\"obfuscated\":false,\"color\":\"#E23E3B\",\"text\":\"a \"},{\"bold\":false,\"italic\":false,\"underlined\":false,\"strikethrough\":false,\"obfuscated\":false,\"color\":\"#E8423B\",\"text\":\"K\"},{\"bold\":false,\"italic\":false,\"underlined\":false,\"strikethrough\":false,\"obfuscated\":false,\"color\":\"#EC453A\",\"text\":\"E\"},{\"bold\":false,\"italic\":false,\"underlined\":false,\"strikethrough\":false,\"obfuscated\":false,\"color\":\"#EF473A\",\"text\":\"Y\"}],\"text\":\"\"}","enchants":{"DIG_SPEED":999},"ItemFlags":["HIDE_ENCHANTS","HIDE_ATTRIBUTES","HIDE_UNBREAKABLE","HIDE_DESTROYS","HIDE_PLACED_ON","HIDE_POTION_EFFECTS","HIDE_DYE","HIDE_ARMOR_TRIM"],"PublicBukkitValues":{"excellentcrates:crate_key.id":"pokebola_key"}}},"1":{"==":"org.bukkit.inventory.ItemStack","v":3465,"type":"TRIPWIRE_HOOK","meta":{"==":"ItemMeta","meta-type":"UNSPECIFIC","display-name":"{\"extra\":[{\"bold\":false,\"italic\":false,\"underlined\":false,\"strikethrough\":false,\"obfuscated\":false,\"color\":\"#CB2D3E\",\"text\":\"P\"},{\"bold\":false,\"italic\":false,\"underlined\":false,\"strikethrough\":false,\"obfuscated\":false,\"color\":\"#CE2F3E\",\"text\":\"o\"},{\"bold\":false,\"italic\":false,\"underlined\":false,\"strikethrough\":false,\"obfuscated\":false,\"color\":\"#D2323D\",\"text\":\"k\"},{\"bold\":false,\"italic\":false,\"underlined\":false,\"strikethrough\":false,\"obfuscated\":false,\"color\":\"#D5343D\",\"text\":\"e\"},{\"bold\":false,\"italic\":false,\"underlined\":false,\"strikethrough\":false,\"obfuscated\":false,\"color\":\"#D8363D\",\"text\":\"b\"},{\"bold\":false,\"italic\":false,\"underlined\":false,\"strikethrough\":false,\"obfuscated\":false,\"color\":\"#DB393C\",\"text\":\"o\"},{\"bold\":false,\"italic\":false,\"underlined\":false,\"strikethrough\":false,\"obfuscated\":false,\"color\":\"#DF3B3C\",\"text\":\"l\"},{\"bold\":false,\"italic\":false,\"underlined\":false,\"strikethrough\":false,\"obfuscated\":false,\"color\":\"#E23E3B\",\"text\":\"a \"},{\"bold\":false,\"italic\":false,\"underlined\":false,\"strikethrough\":false,\"obfuscated\":false,\"color\":\"#E8423B\",\"text\":\"K\"},{\"bold\":false,\"italic\":false,\"underlined\":false,\"strikethrough\":false,\"obfuscated\":false,\"color\":\"#EC453A\",\"text\":\"E\"},{\"bold\":false,\"italic\":false,\"underlined\":false,\"strikethrough\":false,\"obfuscated\":false,\"color\":\"#EF473A\",\"text\":\"Y\"}],\"text\":\"\"}","PublicBukkitValues":{"excellentcrates:crate_key.id":"pokebola_key"}}},"2":{"==":"org.bukkit.inventory.ItemStack","v":3465,"type":"TRIPWIRE_HOOK","meta":{"==":"ItemMeta","meta-type":"UNSPECIFIC","display-name":"{\"extra\":[{\"bold\":false,\"italic\":false,\"underlined\":false,\"strikethrough\":false,\"obfuscated\":false,\"color\":\"light_purple\",\"text\":\"Pokemon Key\"}],\"text\":\"\"}","PublicBukkitValues":{"excellentcrates:crate_key.id":"pokemon"}}}},"bedSpawnLocation":{"==":"org.bukkit.Location","world":"world","x":-540.5,"y":119.1,"z":-38.5,"pitch":0.0,"yaw":-63.00815},"potions":[],"offHandItem":{"==":"org.bukkit.inventory.ItemStack","v":3465,"type":"AIR","amount":0},"armorContents":{"0":{"==":"org.bukkit.inventory.ItemStack","v":3465,"type":"DIAMOND_BOOTS","meta":{"==":"ItemMeta","meta-type":"ARMOR","Damage":46}},"1":{"==":"org.bukkit.inventory.ItemStack","v":3465,"type":"DIAMOND_LEGGINGS","meta":{"==":"ItemMeta","meta-type":"ARMOR","Damage":46}},"2":{"==":"org.bukkit.inventory.ItemStack","v":3465,"type":"DIAMOND_CHESTPLATE","meta":{"==":"ItemMeta","meta-type":"ARMOR","Damage":46}},"3":{"==":"org.bukkit.inventory.ItemStack","v":3465,"type":"DIAMOND_HELMET","meta":{"==":"ItemMeta","meta-type":"ARMOR","Damage":46}}},"stats":{"ex":"2.4520345","ma":"300","fl":"20","el":"15","xp":"0.89189196","hp":"20.0","txp":"348","ft":"-20","fd":"0.0","sa":"15.0","ra":"300"}}}