{"SURVIVAL":{"enderChestContents":{"0":{"==":"org.bukkit.inventory.ItemStack","v":3465,"type":"TRIPWIRE_HOOK","amount":63,"meta":{"==":"ItemMeta","meta-type":"UNSPECIFIC","display-name":"{\"extra\":[{\"bold\":false,\"italic\":false,\"underlined\":false,\"strikethrough\":false,\"obfuscated\":false,\"color\":\"#CB2D3E\",\"text\":\"P\"},{\"bold\":false,\"italic\":false,\"underlined\":false,\"strikethrough\":false,\"obfuscated\":false,\"color\":\"#CE2F3E\",\"text\":\"o\"},{\"bold\":false,\"italic\":false,\"underlined\":false,\"strikethrough\":false,\"obfuscated\":false,\"color\":\"#D2323D\",\"text\":\"k\"},{\"bold\":false,\"italic\":false,\"underlined\":false,\"strikethrough\":false,\"obfuscated\":false,\"color\":\"#D5343D\",\"text\":\"e\"},{\"bold\":false,\"italic\":false,\"underlined\":false,\"strikethrough\":false,\"obfuscated\":false,\"color\":\"#D8363D\",\"text\":\"b\"},{\"bold\":false,\"italic\":false,\"underlined\":false,\"strikethrough\":false,\"obfuscated\":false,\"color\":\"#DB393C\",\"text\":\"o\"},{\"bold\":false,\"italic\":false,\"underlined\":false,\"strikethrough\":false,\"obfuscated\":false,\"color\":\"#DF3B3C\",\"text\":\"l\"},{\"bold\":false,\"italic\":false,\"underlined\":false,\"strikethrough\":false,\"obfuscated\":false,\"color\":\"#E23E3B\",\"text\":\"a \"},{\"bold\":false,\"italic\":false,\"underlined\":false,\"strikethrough\":false,\"obfuscated\":false,\"color\":\"#E8423B\",\"text\":\"K\"},{\"bold\":false,\"italic\":false,\"underlined\":false,\"strikethrough\":false,\"obfuscated\":false,\"color\":\"#EC453A\",\"text\":\"E\"},{\"bold\":false,\"italic\":false,\"underlined\":false,\"strikethrough\":false,\"obfuscated\":false,\"color\":\"#EF473A\",\"text\":\"Y\"}],\"text\":\"\"}","enchants":{"DIG_SPEED":999},"ItemFlags":["HIDE_ENCHANTS","HIDE_ATTRIBUTES","HIDE_UNBREAKABLE","HIDE_DESTROYS","HIDE_PLACED_ON","HIDE_POTION_EFFECTS","HIDE_DYE","HIDE_ARMOR_TRIM"],"PublicBukkitValues":{"excellentcrates:crate_key.id":"pokebola_key"}}},"1":{"==":"org.bukkit.inventory.ItemStack","v":3465,"type":"TRIPWIRE_HOOK","meta":{"==":"ItemMeta","meta-type":"UNSPECIFIC","display-name":"{\"extra\":[{\"bold\":false,\"italic\":false,\"underlined\":false,\"strikethrough\":false,\"obfuscated\":false,\"color\":\"#CB2D3E\",\"text\":\"P\"},{\"bold\":false,\"italic\":false,\"underlined\":false,\"strikethrough\":false,\"obfuscated\":false,\"color\":\"#CE2F3E\",\"text\":\"o\"},{\"bold\":false,\"italic\":false,\"underlined\":false,\"strikethrough\":false,\"obfuscated\":false,\"color\":\"#D2323D\",\"text\":\"k\"},{\"bold\":false,\"italic\":false,\"underlined\":false,\"strikethrough\":false,\"obfuscated\":false,\"color\":\"#D5343D\",\"text\":\"e\"},{\"bold\":false,\"italic\":false,\"underlined\":false,\"strikethrough\":false,\"obfuscated\":false,\"color\":\"#D8363D\",\"text\":\"b\"},{\"bold\":false,\"italic\":false,\"underlined\":false,\"strikethrough\":false,\"obfuscated\":false,\"color\":\"#DB393C\",\"text\":\"o\"},{\"bold\":false,\"italic\":false,\"underlined\":false,\"strikethrough\":false,\"obfuscated\":false,\"color\":\"#DF3B3C\",\"text\":\"l\"},{\"bold\":false,\"italic\":false,\"underlined\":false,\"strikethrough\":false,\"obfuscated\":false,\"color\":\"#E23E3B\",\"text\":\"a \"},{\"bold\":false,\"italic\":false,\"underlined\":false,\"strikethrough\":false,\"obfuscated\":false,\"color\":\"#E8423B\",\"text\":\"K\"},{\"bold\":false,\"italic\":false,\"underlined\":false,\"strikethrough\":false,\"obfuscated\":false,\"color\":\"#EC453A\",\"text\":\"E\"},{\"bold\":false,\"italic\":false,\"underlined\":false,\"strikethrough\":false,\"obfuscated\":false,\"color\":\"#EF473A\",\"text\":\"Y\"}],\"text\":\"\"}","PublicBukkitValues":{"excellentcrates:crate_key.id":"pokebola_key"}}},"2":{"==":"org.bukkit.inventory.ItemStack","v":3465,"type":"TRIPWIRE_HOOK","meta":{"==":"ItemMeta","meta-type":"UNSPECIFIC","display-name":"{\"extra\":[{\"bold\":false,\"italic\":false,\"underlined\":false,\"strikethrough\":false,\"obfuscated\":false,\"color\":\"light_purple\",\"text\":\"Pokemon Key\"}],\"text\":\"\"}","PublicBukkitValues":{"excellentcrates:crate_key.id":"pokemon"}}}},"bedSpawnLocation":{"==":"org.bukkit.Location","world":"world","x":-540.5,"y":119.1,"z":-38.5,"pitch":0.0,"yaw":-63.00815},"potions":[],"offHandItem":{"==":"org.bukkit.inventory.ItemStack","v":3465,"type":"AIR","amount":0},"armorContents":{"0":{"==":"org.bukkit.inventory.ItemStack","v":3465,"type":"DIAMOND_BOOTS","meta":{"==":"ItemMeta","meta-type":"ARMOR","Damage":73}},"1":{"==":"org.bukkit.inventory.ItemStack","v":3465,"type":"DIAMOND_LEGGINGS","meta":{"==":"ItemMeta","meta-type":"ARMOR","Damage":73}},"2":{"==":"org.bukkit.inventory.ItemStack","v":3465,"type":"DIAMOND_CHESTPLATE","meta":{"==":"ItemMeta","meta-type":"ARMOR","Damage":73}},"3":{"==":"org.bukkit.inventory.ItemStack","v":3465,"type":"DIAMOND_HELMET","meta":{"==":"ItemMeta","meta-type":"ARMOR","Damage":73}}},"inventoryContents":{"22":{"==":"org.bukkit.inventory.ItemStack","v":3465,"type":"IRON_INGOT"},"10":{"==":"org.bukkit.inventory.ItemStack","v":3465,"type":"GUNPOWDER"},"36":{"==":"org.bukkit.inventory.ItemStack","v":3465,"type":"DIAMOND_BOOTS","meta":{"==":"ItemMeta","meta-type":"ARMOR","Damage":73}},"37":{"==":"org.bukkit.inventory.ItemStack","v":3465,"type":"DIAMOND_LEGGINGS","meta":{"==":"ItemMeta","meta-type":"ARMOR","Damage":73}},"16":{"==":"org.bukkit.inventory.ItemStack","v":3465,"type":"COBBLEMON_RELIC_COIN","amount":24},"38":{"==":"org.bukkit.inventory.ItemStack","v":3465,"type":"DIAMOND_CHESTPLATE","meta":{"==":"ItemMeta","meta-type":"ARMOR","Damage":73}},"17":{"==":"org.bukkit.inventory.ItemStack","v":3465,"type":"COBBLEMON_RELIC_COIN","amount":64,"meta":{"==":"ItemMeta","meta-type":"UNSPECIFIC","display-name":"{\"extra\":[{\"bold\":false,\"italic\":false,\"underlined\":false,\"strikethrough\":false,\"obfuscated\":false,\"color\":\"#084CFB\",\"text\":\"M\"},{\"bold\":false,\"italic\":false,\"underlined\":false,\"strikethrough\":false,\"obfuscated\":false,\"color\":\"#0F53FB\",\"text\":\"o\"},{\"bold\":false,\"italic\":false,\"underlined\":false,\"strikethrough\":false,\"obfuscated\":false,\"color\":\"#1559FB\",\"text\":\"n\"},{\"bold\":false,\"italic\":false,\"underlined\":false,\"strikethrough\":false,\"obfuscated\":false,\"color\":\"#1C60FB\",\"text\":\"e\"},{\"bold\":false,\"italic\":false,\"underlined\":false,\"strikethrough\":false,\"obfuscated\":false,\"color\":\"#2267FB\",\"text\":\"d\"},{\"bold\":false,\"italic\":false,\"underlined\":false,\"strikethrough\":false,\"obfuscated\":false,\"color\":\"#296DFB\",\"text\":\"a \"},{\"bold\":false,\"italic\":false,\"underlined\":false,\"strikethrough\":false,\"obfuscated\":false,\"color\":\"#367BFC\",\"text\":\"R\"},{\"bold\":false,\"italic\":false,\"underlined\":false,\"strikethrough\":false,\"obfuscated\":false,\"color\":\"#3D81FC\",\"text\":\"e\"},{\"bold\":false,\"italic\":false,\"underlined\":false,\"strikethrough\":false,\"obfuscated\":false,\"color\":\"#4388FC\",\"text\":\"l\"},{\"bold\":false,\"italic\":false,\"underlined\":false,\"strikethrough\":false,\"obfuscated\":false,\"color\":\"#4A8FFC\",\"text\":\"i\"},{\"bold\":false,\"italic\":false,\"underlined\":false,\"strikethrough\":false,\"obfuscated\":false,\"color\":\"#5195FC\",\"text\":\"q\"},{\"bold\":false,\"italic\":false,\"underlined\":false,\"strikethrough\":false,\"obfuscated\":false,\"color\":\"#579CFC\",\"text\":\"u\"},{\"bold\":false,\"italic\":false,\"underlined\":false,\"strikethrough\":false,\"obfuscated\":false,\"color\":\"#5EA3FC\",\"text\":\"i\"},{\"bold\":false,\"italic\":false,\"underlined\":false,\"strikethrough\":false,\"obfuscated\":false,\"color\":\"#64AAFC\",\"text\":\"a \"},{\"bold\":false,\"italic\":false,\"underlined\":false,\"strikethrough\":false,\"obfuscated\":false,\"color\":\"#78BEFC\",\"text\":\"ᴇ\"},{\"bold\":false,\"italic\":false,\"underlined\":false,\"strikethrough\":false,\"obfuscated\":false,\"color\":\"#7FC4FC\",\"text\":\"ɴ\"},{\"bold\":false,\"italic\":false,\"underlined\":false,\"strikethrough\":false,\"obfuscated\":false,\"color\":\"#85CBFD\",\"text\":\"ᴄ\"},{\"bold\":false,\"italic\":false,\"underlined\":false,\"strikethrough\":false,\"obfuscated\":false,\"color\":\"#8CD2FD\",\"text\":\"ᴀ\"},{\"bold\":false,\"italic\":false,\"underlined\":false,\"strikethrough\":false,\"obfuscated\":false,\"color\":\"#93D8FD\",\"text\":\"ɴ\"},{\"bold\":false,\"italic\":false,\"underlined\":false,\"strikethrough\":false,\"obfuscated\":false,\"color\":\"#99DFFD\",\"text\":\"ᴛ\"},{\"bold\":false,\"italic\":false,\"underlined\":false,\"strikethrough\":false,\"obfuscated\":false,\"color\":\"#A0E6FD\",\"text\":\"ᴀ\"},{\"bold\":false,\"italic\":false,\"underlined\":false,\"strikethrough\":false,\"obfuscated\":false,\"color\":\"#A6ECFD\",\"text\":\"ᴅ\"},{\"bold\":false,\"italic\":false,\"underlined\":false,\"strikethrough\":false,\"obfuscated\":false,\"color\":\"#ADF3FD\",\"text\":\"ᴀ\"}],\"text\":\"\"}","enchants":{"DIG_SPEED":1},"ItemFlags":["HIDE_ENCHANTS","HIDE_ATTRIBUTES","HIDE_UNBREAKABLE","HIDE_DESTROYS","HIDE_PLACED_ON","HIDE_POTION_EFFECTS","HIDE_DYE","HIDE_ARMOR_TRIM"]}},"39":{"==":"org.bukkit.inventory.ItemStack","v":3465,"type":"DIAMOND_HELMET","meta":{"==":"ItemMeta","meta-type":"ARMOR","Damage":73}},"0":{"==":"org.bukkit.inventory.ItemStack","v":3465,"type":"IRON_AXE","meta":{"==":"ItemMeta","meta-type":"UNSPECIFIC","Damage":140}},"1":{"==":"org.bukkit.inventory.ItemStack","v":3465,"type":"DIAMOND_PICKAXE","meta":{"==":"ItemMeta","meta-type":"UNSPECIFIC","Damage":6}},"2":{"==":"org.bukkit.inventory.ItemStack","v":3465,"type":"WHEAT_SEEDS","amount":4},"3":{"==":"org.bukkit.inventory.ItemStack","v":3465,"type":"ANDESITE","amount":64},"4":{"==":"org.bukkit.inventory.ItemStack","v":3465,"type":"COOKED_MUTTON","amount":20},"6":{"==":"org.bukkit.inventory.ItemStack","v":3465,"type":"WATER_BUCKET"},"7":{"==":"org.bukkit.inventory.ItemStack","v":3465,"type":"COBBLESTONE","amount":59},"8":{"==":"org.bukkit.inventory.ItemStack","v":3465,"type":"GLASS","amount":60},"9":{"==":"org.bukkit.inventory.ItemStack","v":3465,"type":"COBBLEMON_POKE_BALL","amount":11}},"stats":{"ex":"0.0","ma":"300","fl":"20","el":"22","hp":"20.0","xp":"0.54166675","txp":"718","ft":"-20","fd":"0.0","sa":"5.0","ra":"300"}}}