{"SURVIVAL":{"enderChestContents":{"0":{"==":"org.bukkit.inventory.ItemStack","v":3465,"type":"TRIPWIRE_HOOK","amount":63,"meta":{"==":"ItemMeta","meta-type":"UNSPECIFIC","display-name":"{\"extra\":[{\"bold\":false,\"italic\":false,\"underlined\":false,\"strikethrough\":false,\"obfuscated\":false,\"color\":\"#CB2D3E\",\"text\":\"P\"},{\"bold\":false,\"italic\":false,\"underlined\":false,\"strikethrough\":false,\"obfuscated\":false,\"color\":\"#CE2F3E\",\"text\":\"o\"},{\"bold\":false,\"italic\":false,\"underlined\":false,\"strikethrough\":false,\"obfuscated\":false,\"color\":\"#D2323D\",\"text\":\"k\"},{\"bold\":false,\"italic\":false,\"underlined\":false,\"strikethrough\":false,\"obfuscated\":false,\"color\":\"#D5343D\",\"text\":\"e\"},{\"bold\":false,\"italic\":false,\"underlined\":false,\"strikethrough\":false,\"obfuscated\":false,\"color\":\"#D8363D\",\"text\":\"b\"},{\"bold\":false,\"italic\":false,\"underlined\":false,\"strikethrough\":false,\"obfuscated\":false,\"color\":\"#DB393C\",\"text\":\"o\"},{\"bold\":false,\"italic\":false,\"underlined\":false,\"strikethrough\":false,\"obfuscated\":false,\"color\":\"#DF3B3C\",\"text\":\"l\"},{\"bold\":false,\"italic\":false,\"underlined\":false,\"strikethrough\":false,\"obfuscated\":false,\"color\":\"#E23E3B\",\"text\":\"a \"},{\"bold\":false,\"italic\":false,\"underlined\":false,\"strikethrough\":false,\"obfuscated\":false,\"color\":\"#E8423B\",\"text\":\"K\"},{\"bold\":false,\"italic\":false,\"underlined\":false,\"strikethrough\":false,\"obfuscated\":false,\"color\":\"#EC453A\",\"text\":\"E\"},{\"bold\":false,\"italic\":false,\"underlined\":false,\"strikethrough\":false,\"obfuscated\":false,\"color\":\"#EF473A\",\"text\":\"Y\"}],\"text\":\"\"}","enchants":{"DIG_SPEED":999},"ItemFlags":["HIDE_ENCHANTS","HIDE_ATTRIBUTES","HIDE_UNBREAKABLE","HIDE_DESTROYS","HIDE_PLACED_ON","HIDE_POTION_EFFECTS","HIDE_DYE","HIDE_ARMOR_TRIM"],"PublicBukkitValues":{"excellentcrates:crate_key.id":"pokebola_key"}}},"1":{"==":"org.bukkit.inventory.ItemStack","v":3465,"type":"TRIPWIRE_HOOK","meta":{"==":"ItemMeta","meta-type":"UNSPECIFIC","display-name":"{\"extra\":[{\"bold\":false,\"italic\":false,\"underlined\":false,\"strikethrough\":false,\"obfuscated\":false,\"color\":\"#CB2D3E\",\"text\":\"P\"},{\"bold\":false,\"italic\":false,\"underlined\":false,\"strikethrough\":false,\"obfuscated\":false,\"color\":\"#CE2F3E\",\"text\":\"o\"},{\"bold\":false,\"italic\":false,\"underlined\":false,\"strikethrough\":false,\"obfuscated\":false,\"color\":\"#D2323D\",\"text\":\"k\"},{\"bold\":false,\"italic\":false,\"underlined\":false,\"strikethrough\":false,\"obfuscated\":false,\"color\":\"#D5343D\",\"text\":\"e\"},{\"bold\":false,\"italic\":false,\"underlined\":false,\"strikethrough\":false,\"obfuscated\":false,\"color\":\"#D8363D\",\"text\":\"b\"},{\"bold\":false,\"italic\":false,\"underlined\":false,\"strikethrough\":false,\"obfuscated\":false,\"color\":\"#DB393C\",\"text\":\"o\"},{\"bold\":false,\"italic\":false,\"underlined\":false,\"strikethrough\":false,\"obfuscated\":false,\"color\":\"#DF3B3C\",\"text\":\"l\"},{\"bold\":false,\"italic\":false,\"underlined\":false,\"strikethrough\":false,\"obfuscated\":false,\"color\":\"#E23E3B\",\"text\":\"a \"},{\"bold\":false,\"italic\":false,\"underlined\":false,\"strikethrough\":false,\"obfuscated\":false,\"color\":\"#E8423B\",\"text\":\"K\"},{\"bold\":false,\"italic\":false,\"underlined\":false,\"strikethrough\":false,\"obfuscated\":false,\"color\":\"#EC453A\",\"text\":\"E\"},{\"bold\":false,\"italic\":false,\"underlined\":false,\"strikethrough\":false,\"obfuscated\":false,\"color\":\"#EF473A\",\"text\":\"Y\"}],\"text\":\"\"}","PublicBukkitValues":{"excellentcrates:crate_key.id":"pokebola_key"}}},"2":{"==":"org.bukkit.inventory.ItemStack","v":3465,"type":"TRIPWIRE_HOOK","meta":{"==":"ItemMeta","meta-type":"UNSPECIFIC","display-name":"{\"extra\":[{\"bold\":false,\"italic\":false,\"underlined\":false,\"strikethrough\":false,\"obfuscated\":false,\"color\":\"light_purple\",\"text\":\"Pokemon Key\"}],\"text\":\"\"}","PublicBukkitValues":{"excellentcrates:crate_key.id":"pokemon"}}}},"bedSpawnLocation":{"==":"org.bukkit.Location","world":"world","x":-540.5,"y":119.1,"z":-38.5,"pitch":0.0,"yaw":-63.00815},"potions":[],"offHandItem":{"==":"org.bukkit.inventory.ItemStack","v":3465,"type":"AIR","amount":0},"armorContents":{"0":{"==":"org.bukkit.inventory.ItemStack","v":3465,"type":"DIAMOND_BOOTS","meta":{"==":"ItemMeta","meta-type":"ARMOR","Damage":71}},"1":{"==":"org.bukkit.inventory.ItemStack","v":3465,"type":"DIAMOND_LEGGINGS","meta":{"==":"ItemMeta","meta-type":"ARMOR","Damage":71}},"2":{"==":"org.bukkit.inventory.ItemStack","v":3465,"type":"DIAMOND_CHESTPLATE","meta":{"==":"ItemMeta","meta-type":"ARMOR","Damage":71}},"3":{"==":"org.bukkit.inventory.ItemStack","v":3465,"type":"DIAMOND_HELMET","meta":{"==":"ItemMeta","meta-type":"ARMOR","Damage":71}}},"inventoryContents":{"26":{"==":"org.bukkit.inventory.ItemStack","v":3465,"type":"DIAMOND","amount":40},"10":{"==":"org.bukkit.inventory.ItemStack","v":3465,"type":"MEGAMONS_ANISTARITE_GEODE_BLOCK","amount":63},"11":{"==":"org.bukkit.inventory.ItemStack","v":3465,"type":"SIMPLEDRILLS_DIAMOND_DRILL","meta":{"==":"ItemMeta","meta-type":"UNSPECIFIC","Damage":4}},"12":{"==":"org.bukkit.inventory.ItemStack","v":3465,"type":"STONE_PICKAXE","meta":{"==":"ItemMeta","meta-type":"UNSPECIFIC","Damage":4}},"13":{"==":"org.bukkit.inventory.ItemStack","v":3465,"type":"COBBLEMON_RELIC_COIN","amount":24},"14":{"==":"org.bukkit.inventory.ItemStack","v":3465,"type":"COBBLEMON_RELIC_COIN","amount":64,"meta":{"==":"ItemMeta","meta-type":"UNSPECIFIC","display-name":"{\"extra\":[{\"bold\":false,\"italic\":false,\"underlined\":false,\"strikethrough\":false,\"obfuscated\":false,\"color\":\"#084CFB\",\"text\":\"M\"},{\"bold\":false,\"italic\":false,\"underlined\":false,\"strikethrough\":false,\"obfuscated\":false,\"color\":\"#0F53FB\",\"text\":\"o\"},{\"bold\":false,\"italic\":false,\"underlined\":false,\"strikethrough\":false,\"obfuscated\":false,\"color\":\"#1559FB\",\"text\":\"n\"},{\"bold\":false,\"italic\":false,\"underlined\":false,\"strikethrough\":false,\"obfuscated\":false,\"color\":\"#1C60FB\",\"text\":\"e\"},{\"bold\":false,\"italic\":false,\"underlined\":false,\"strikethrough\":false,\"obfuscated\":false,\"color\":\"#2267FB\",\"text\":\"d\"},{\"bold\":false,\"italic\":false,\"underlined\":false,\"strikethrough\":false,\"obfuscated\":false,\"color\":\"#296DFB\",\"text\":\"a \"},{\"bold\":false,\"italic\":false,\"underlined\":false,\"strikethrough\":false,\"obfuscated\":false,\"color\":\"#367BFC\",\"text\":\"R\"},{\"bold\":false,\"italic\":false,\"underlined\":false,\"strikethrough\":false,\"obfuscated\":false,\"color\":\"#3D81FC\",\"text\":\"e\"},{\"bold\":false,\"italic\":false,\"underlined\":false,\"strikethrough\":false,\"obfuscated\":false,\"color\":\"#4388FC\",\"text\":\"l\"},{\"bold\":false,\"italic\":false,\"underlined\":false,\"strikethrough\":false,\"obfuscated\":false,\"color\":\"#4A8FFC\",\"text\":\"i\"},{\"bold\":false,\"italic\":false,\"underlined\":false,\"strikethrough\":false,\"obfuscated\":false,\"color\":\"#5195FC\",\"text\":\"q\"},{\"bold\":false,\"italic\":false,\"underlined\":false,\"strikethrough\":false,\"obfuscated\":false,\"color\":\"#579CFC\",\"text\":\"u\"},{\"bold\":false,\"italic\":false,\"underlined\":false,\"strikethrough\":false,\"obfuscated\":false,\"color\":\"#5EA3FC\",\"text\":\"i\"},{\"bold\":false,\"italic\":false,\"underlined\":false,\"strikethrough\":false,\"obfuscated\":false,\"color\":\"#64AAFC\",\"text\":\"a \"},{\"bold\":false,\"italic\":false,\"underlined\":false,\"strikethrough\":false,\"obfuscated\":false,\"color\":\"#78BEFC\",\"text\":\"ᴇ\"},{\"bold\":false,\"italic\":false,\"underlined\":false,\"strikethrough\":false,\"obfuscated\":false,\"color\":\"#7FC4FC\",\"text\":\"ɴ\"},{\"bold\":false,\"italic\":false,\"underlined\":false,\"strikethrough\":false,\"obfuscated\":false,\"color\":\"#85CBFD\",\"text\":\"ᴄ\"},{\"bold\":false,\"italic\":false,\"underlined\":false,\"strikethrough\":false,\"obfuscated\":false,\"color\":\"#8CD2FD\",\"text\":\"ᴀ\"},{\"bold\":false,\"italic\":false,\"underlined\":false,\"strikethrough\":false,\"obfuscated\":false,\"color\":\"#93D8FD\",\"text\":\"ɴ\"},{\"bold\":false,\"italic\":false,\"underlined\":false,\"strikethrough\":false,\"obfuscated\":false,\"color\":\"#99DFFD\",\"text\":\"ᴛ\"},{\"bold\":false,\"italic\":false,\"underlined\":false,\"strikethrough\":false,\"obfuscated\":false,\"color\":\"#A0E6FD\",\"text\":\"ᴀ\"},{\"bold\":false,\"italic\":false,\"underlined\":false,\"strikethrough\":false,\"obfuscated\":false,\"color\":\"#A6ECFD\",\"text\":\"ᴅ\"},{\"bold\":false,\"italic\":false,\"underlined\":false,\"strikethrough\":false,\"obfuscated\":false,\"color\":\"#ADF3FD\",\"text\":\"ᴀ\"}],\"text\":\"\"}","enchants":{"DIG_SPEED":1},"ItemFlags":["HIDE_ENCHANTS","HIDE_ATTRIBUTES","HIDE_UNBREAKABLE","HIDE_DESTROYS","HIDE_PLACED_ON","HIDE_POTION_EFFECTS","HIDE_DYE","HIDE_ARMOR_TRIM"]}},"36":{"==":"org.bukkit.inventory.ItemStack","v":3465,"type":"DIAMOND_BOOTS","meta":{"==":"ItemMeta","meta-type":"ARMOR","Damage":71}},"15":{"==":"org.bukkit.inventory.ItemStack","v":3465,"type":"COAL_BLOCK","amount":28},"37":{"==":"org.bukkit.inventory.ItemStack","v":3465,"type":"DIAMOND_LEGGINGS","meta":{"==":"ItemMeta","meta-type":"ARMOR","Damage":71}},"16":{"==":"org.bukkit.inventory.ItemStack","v":3465,"type":"GLASS","amount":60},"38":{"==":"org.bukkit.inventory.ItemStack","v":3465,"type":"DIAMOND_CHESTPLATE","meta":{"==":"ItemMeta","meta-type":"ARMOR","Damage":71}},"17":{"==":"org.bukkit.inventory.ItemStack","v":3465,"type":"MEGAMONS_MEGA_CUFF"},"39":{"==":"org.bukkit.inventory.ItemStack","v":3465,"type":"DIAMOND_HELMET","meta":{"==":"ItemMeta","meta-type":"ARMOR","Damage":71}},"18":{"==":"org.bukkit.inventory.ItemStack","v":3465,"type":"COBBLEMON_POKE_BALL","amount":11},"0":{"==":"org.bukkit.inventory.ItemStack","v":3465,"type":"IRON_AXE","meta":{"==":"ItemMeta","meta-type":"UNSPECIFIC","Damage":134}},"1":{"==":"org.bukkit.inventory.ItemStack","v":3465,"type":"DIAMOND_PICKAXE","meta":{"==":"ItemMeta","meta-type":"UNSPECIFIC","Damage":1}},"2":{"==":"org.bukkit.inventory.ItemStack","v":3465,"type":"JUSTHAMMERS_STONE_HAMMER","meta":{"==":"ItemMeta","meta-type":"UNSPECIFIC","display-name":"{\"extra\":[{\"bold\":false,\"italic\":false,\"underlined\":false,\"strikethrough\":false,\"obfuscated\":false,\"color\":\"#555555\",\"text\":\"ᴍ\"},{\"bold\":false,\"italic\":false,\"underlined\":false,\"strikethrough\":false,\"obfuscated\":false,\"color\":\"#5F5F5F\",\"text\":\"ᴀ\"},{\"bold\":false,\"italic\":false,\"underlined\":false,\"strikethrough\":false,\"obfuscated\":false,\"color\":\"#696969\",\"text\":\"ʀ\"},{\"bold\":false,\"italic\":false,\"underlined\":false,\"strikethrough\":false,\"obfuscated\":false,\"color\":\"#737373\",\"text\":\"ᴛ\"},{\"bold\":false,\"italic\":false,\"underlined\":false,\"strikethrough\":false,\"obfuscated\":false,\"color\":\"#7D7D7D\",\"text\":\"ɪ\"},{\"bold\":false,\"italic\":false,\"underlined\":false,\"strikethrough\":false,\"obfuscated\":false,\"color\":\"#878787\",\"text\":\"ʟ\"},{\"bold\":false,\"italic\":false,\"underlined\":false,\"strikethrough\":false,\"obfuscated\":false,\"color\":\"#919191\",\"text\":\"ʟ\"},{\"bold\":false,\"italic\":false,\"underlined\":false,\"strikethrough\":false,\"obfuscated\":false,\"color\":\"#9B9B9B\",\"text\":\"ᴏ \"},{\"bold\":false,\"italic\":false,\"underlined\":false,\"strikethrough\":false,\"obfuscated\":false,\"color\":\"#AFAFAF\",\"text\":\"ᴅ\"},{\"bold\":false,\"italic\":false,\"underlined\":false,\"strikethrough\":false,\"obfuscated\":false,\"color\":\"#B9B9B9\",\"text\":\"ᴇ \"},{\"bold\":false,\"italic\":false,\"underlined\":false,\"strikethrough\":false,\"obfuscated\":false,\"color\":\"#CDCDCD\",\"text\":\"ᴘ\"},{\"bold\":false,\"italic\":false,\"underlined\":false,\"strikethrough\":false,\"obfuscated\":false,\"color\":\"#D7D7D7\",\"text\":\"ɪ\"},{\"bold\":false,\"italic\":false,\"underlined\":false,\"strikethrough\":false,\"obfuscated\":false,\"color\":\"#E1E1E1\",\"text\":\"ᴇ\"},{\"bold\":false,\"italic\":false,\"underlined\":false,\"strikethrough\":false,\"obfuscated\":false,\"color\":\"#EBEBEB\",\"text\":\"ᴅ\"},{\"bold\":false,\"italic\":false,\"underlined\":false,\"strikethrough\":false,\"obfuscated\":false,\"color\":\"#F5F5F5\",\"text\":\"ʀ\"},{\"bold\":false,\"italic\":false,\"underlined\":false,\"strikethrough\":false,\"obfuscated\":false,\"color\":\"#FFFFFF\",\"text\":\"ᴀ\"}],\"text\":\"\"}","enchants":{"DIG_SPEED":10,"DURABILITY":10},"Unbreakable":true}},"4":{"==":"org.bukkit.inventory.ItemStack","v":3465,"type":"COOKED_MUTTON","amount":22},"6":{"==":"org.bukkit.inventory.ItemStack","v":3465,"type":"COBBLEMON_RELIC_COIN_SACK","amount":4,"meta":{"==":"ItemMeta","meta-type":"UNSPECIFIC","display-name":"{\"extra\":[{\"bold\":false,\"italic\":false,\"underlined\":false,\"strikethrough\":false,\"obfuscated\":false,\"color\":\"#084CFB\",\"text\":\"B\"},{\"bold\":false,\"italic\":false,\"underlined\":false,\"strikethrough\":false,\"obfuscated\":false,\"color\":\"#0E52FB\",\"text\":\"o\"},{\"bold\":false,\"italic\":false,\"underlined\":false,\"strikethrough\":false,\"obfuscated\":false,\"color\":\"#1559FB\",\"text\":\"l\"},{\"bold\":false,\"italic\":false,\"underlined\":false,\"strikethrough\":false,\"obfuscated\":false,\"color\":\"#1B5FFB\",\"text\":\"s\"},{\"bold\":false,\"italic\":false,\"underlined\":false,\"strikethrough\":false,\"obfuscated\":false,\"color\":\"#2166FB\",\"text\":\"ó\"},{\"bold\":false,\"italic\":false,\"underlined\":false,\"strikethrough\":false,\"obfuscated\":false,\"color\":\"#286CFB\",\"text\":\"n \"},{\"bold\":false,\"italic\":false,\"underlined\":false,\"strikethrough\":false,\"obfuscated\":false,\"color\":\"#3479FC\",\"text\":\"D\"},{\"bold\":false,\"italic\":false,\"underlined\":false,\"strikethrough\":false,\"obfuscated\":false,\"color\":\"#3B7FFC\",\"text\":\"e \"},{\"bold\":false,\"italic\":false,\"underlined\":false,\"strikethrough\":false,\"obfuscated\":false,\"color\":\"#478CFC\",\"text\":\"M\"},{\"bold\":false,\"italic\":false,\"underlined\":false,\"strikethrough\":false,\"obfuscated\":false,\"color\":\"#4E93FC\",\"text\":\"o\"},{\"bold\":false,\"italic\":false,\"underlined\":false,\"strikethrough\":false,\"obfuscated\":false,\"color\":\"#5499FC\",\"text\":\"n\"},{\"bold\":false,\"italic\":false,\"underlined\":false,\"strikethrough\":false,\"obfuscated\":false,\"color\":\"#5BA0FC\",\"text\":\"e\"},{\"bold\":false,\"italic\":false,\"underlined\":false,\"strikethrough\":false,\"obfuscated\":false,\"color\":\"#61A6FC\",\"text\":\"d\"},{\"bold\":false,\"italic\":false,\"underlined\":false,\"strikethrough\":false,\"obfuscated\":false,\"color\":\"#67ACFC\",\"text\":\"a\"},{\"bold\":false,\"italic\":false,\"underlined\":false,\"strikethrough\":false,\"obfuscated\":false,\"color\":\"#6EB3FC\",\"text\":\"s \"},{\"bold\":false,\"italic\":false,\"underlined\":false,\"strikethrough\":false,\"obfuscated\":false,\"color\":\"#7AC0FC\",\"text\":\"ᴇ\"},{\"bold\":false,\"italic\":false,\"underlined\":false,\"strikethrough\":false,\"obfuscated\":false,\"color\":\"#81C6FC\",\"text\":\"ɴ\"},{\"bold\":false,\"italic\":false,\"underlined\":false,\"strikethrough\":false,\"obfuscated\":false,\"color\":\"#87CCFD\",\"text\":\"ᴄ\"},{\"bold\":false,\"italic\":false,\"underlined\":false,\"strikethrough\":false,\"obfuscated\":false,\"color\":\"#8DD3FD\",\"text\":\"ᴀ\"},{\"bold\":false,\"italic\":false,\"underlined\":false,\"strikethrough\":false,\"obfuscated\":false,\"color\":\"#94D9FD\",\"text\":\"ɴ\"},{\"bold\":false,\"italic\":false,\"underlined\":false,\"strikethrough\":false,\"obfuscated\":false,\"color\":\"#9AE0FD\",\"text\":\"ᴛ\"},{\"bold\":false,\"italic\":false,\"underlined\":false,\"strikethrough\":false,\"obfuscated\":false,\"color\":\"#A0E6FD\",\"text\":\"ᴀ\"},{\"bold\":false,\"italic\":false,\"underlined\":false,\"strikethrough\":false,\"obfuscated\":false,\"color\":\"#A7EDFD\",\"text\":\"ᴅ\"},{\"bold\":false,\"italic\":false,\"underlined\":false,\"strikethrough\":false,\"obfuscated\":false,\"color\":\"#ADF3FD\",\"text\":\"ᴀ\"}],\"text\":\"\"}","enchants":{"DIG_SPEED":2},"ItemFlags":["HIDE_ENCHANTS","HIDE_ATTRIBUTES","HIDE_UNBREAKABLE","HIDE_DESTROYS","HIDE_PLACED_ON","HIDE_POTION_EFFECTS","HIDE_DYE","HIDE_ARMOR_TRIM"]}},"7":{"==":"org.bukkit.inventory.ItemStack","v":3465,"type":"ANDESITE","amount":64},"9":{"==":"org.bukkit.inventory.ItemStack","v":3465,"type":"RAW_IRON","amount":4}},"stats":{"ex":"2.6310189","ma":"300","fl":"12","el":"22","hp":"16.5","xp":"1.1093087E-7","txp":"679","ft":"-20","fd":"0.0","sa":"7.6000004","ra":"300"}}}