{"SURVIVAL":{"inventoryContents":{"23":{"==":"org.bukkit.inventory.ItemStack","v":3465,"type":"GRANITE","amount":21},"24":{"==":"org.bukkit.inventory.ItemStack","v":3465,"type":"GUNPOWDER","amount":2},"30":{"==":"org.bukkit.inventory.ItemStack","v":3465,"type":"COBBLESTONE","amount":64},"10":{"==":"org.bukkit.inventory.ItemStack","v":3465,"type":"ROTTEN_FLESH","amount":3},"11":{"==":"org.bukkit.inventory.ItemStack","v":3465,"type":"CREATE_POLISHED_CUT_ANDESITE","amount":5},"33":{"==":"org.bukkit.inventory.ItemStack","v":3465,"type":"IRON_INGOT","amount":16},"12":{"==":"org.bukkit.inventory.ItemStack","v":3465,"type":"COBBLEMON_RELIC_COIN_SACK","meta":{"==":"ItemMeta","meta-type":"UNSPECIFIC","display-name":"{\"extra\":[{\"bold\":false,\"italic\":false,\"underlined\":false,\"strikethrough\":false,\"obfuscated\":false,\"color\":\"#084CFB\",\"text\":\"B\"},{\"bold\":false,\"italic\":false,\"underlined\":false,\"strikethrough\":false,\"obfuscated\":false,\"color\":\"#0E52FB\",\"text\":\"o\"},{\"bold\":false,\"italic\":false,\"underlined\":false,\"strikethrough\":false,\"obfuscated\":false,\"color\":\"#1559FB\",\"text\":\"l\"},{\"bold\":false,\"italic\":false,\"underlined\":false,\"strikethrough\":false,\"obfuscated\":false,\"color\":\"#1B5FFB\",\"text\":\"s\"},{\"bold\":false,\"italic\":false,\"underlined\":false,\"strikethrough\":false,\"obfuscated\":false,\"color\":\"#2166FB\",\"text\":\"ó\"},{\"bold\":false,\"italic\":false,\"underlined\":false,\"strikethrough\":false,\"obfuscated\":false,\"color\":\"#286CFB\",\"text\":\"n \"},{\"bold\":false,\"italic\":false,\"underlined\":false,\"strikethrough\":false,\"obfuscated\":false,\"color\":\"#3479FC\",\"text\":\"D\"},{\"bold\":false,\"italic\":false,\"underlined\":false,\"strikethrough\":false,\"obfuscated\":false,\"color\":\"#3B7FFC\",\"text\":\"e \"},{\"bold\":false,\"italic\":false,\"underlined\":false,\"strikethrough\":false,\"obfuscated\":false,\"color\":\"#478CFC\",\"text\":\"M\"},{\"bold\":false,\"italic\":false,\"underlined\":false,\"strikethrough\":false,\"obfuscated\":false,\"color\":\"#4E93FC\",\"text\":\"o\"},{\"bold\":false,\"italic\":false,\"underlined\":false,\"strikethrough\":false,\"obfuscated\":false,\"color\":\"#5499FC\",\"text\":\"n\"},{\"bold\":false,\"italic\":false,\"underlined\":false,\"strikethrough\":false,\"obfuscated\":false,\"color\":\"#5BA0FC\",\"text\":\"e\"},{\"bold\":false,\"italic\":false,\"underlined\":false,\"strikethrough\":false,\"obfuscated\":false,\"color\":\"#61A6FC\",\"text\":\"d\"},{\"bold\":false,\"italic\":false,\"underlined\":false,\"strikethrough\":false,\"obfuscated\":false,\"color\":\"#67ACFC\",\"text\":\"a\"},{\"bold\":false,\"italic\":false,\"underlined\":false,\"strikethrough\":false,\"obfuscated\":false,\"color\":\"#6EB3FC\",\"text\":\"s \"},{\"bold\":false,\"italic\":false,\"underlined\":false,\"strikethrough\":false,\"obfuscated\":false,\"color\":\"#7AC0FC\",\"text\":\"ᴇ\"},{\"bold\":false,\"italic\":false,\"underlined\":false,\"strikethrough\":false,\"obfuscated\":false,\"color\":\"#81C6FC\",\"text\":\"ɴ\"},{\"bold\":false,\"italic\":false,\"underlined\":false,\"strikethrough\":false,\"obfuscated\":false,\"color\":\"#87CCFD\",\"text\":\"ᴄ\"},{\"bold\":false,\"italic\":false,\"underlined\":false,\"strikethrough\":false,\"obfuscated\":false,\"color\":\"#8DD3FD\",\"text\":\"ᴀ\"},{\"bold\":false,\"italic\":false,\"underlined\":false,\"strikethrough\":false,\"obfuscated\":false,\"color\":\"#94D9FD\",\"text\":\"ɴ\"},{\"bold\":false,\"italic\":false,\"underlined\":false,\"strikethrough\":false,\"obfuscated\":false,\"color\":\"#9AE0FD\",\"text\":\"ᴛ\"},{\"bold\":false,\"italic\":false,\"underlined\":false,\"strikethrough\":false,\"obfuscated\":false,\"color\":\"#A0E6FD\",\"text\":\"ᴀ\"},{\"bold\":false,\"italic\":false,\"underlined\":false,\"strikethrough\":false,\"obfuscated\":false,\"color\":\"#A7EDFD\",\"text\":\"ᴅ\"},{\"bold\":false,\"italic\":false,\"underlined\":false,\"strikethrough\":false,\"obfuscated\":false,\"color\":\"#ADF3FD\",\"text\":\"ᴀ\"}],\"text\":\"\"}","enchants":{"DIG_SPEED":2},"ItemFlags":["HIDE_ENCHANTS","HIDE_ATTRIBUTES","HIDE_UNBREAKABLE","HIDE_DESTROYS","HIDE_PLACED_ON","HIDE_POTION_EFFECTS","HIDE_DYE","HIDE_ARMOR_TRIM"]}},"34":{"==":"org.bukkit.inventory.ItemStack","v":3465,"type":"OAK_PLANKS","amount":26},"13":{"==":"org.bukkit.inventory.ItemStack","v":3465,"type":"COBBLEMON_NET_BALL"},"14":{"==":"org.bukkit.inventory.ItemStack","v":3465,"type":"STONE_PICKAXE","meta":{"==":"ItemMeta","meta-type":"UNSPECIFIC","Damage":4}},"36":{"==":"org.bukkit.inventory.ItemStack","v":3465,"type":"LEATHER_BOOTS","meta":{"==":"ItemMeta","meta-type":"COLORABLE_ARMOR","Damage":37}},"15":{"==":"org.bukkit.inventory.ItemStack","v":3465,"type":"STONE_AXE","meta":{"==":"ItemMeta","meta-type":"UNSPECIFIC","Damage":18}},"37":{"==":"org.bukkit.inventory.ItemStack","v":3465,"type":"LEATHER_LEGGINGS","meta":{"==":"ItemMeta","meta-type":"COLORABLE_ARMOR","Damage":37}},"16":{"==":"org.bukkit.inventory.ItemStack","v":3465,"type":"RAW_COPPER","amount":64},"38":{"==":"org.bukkit.inventory.ItemStack","v":3465,"type":"LEATHER_CHESTPLATE","meta":{"==":"ItemMeta","meta-type":"COLORABLE_ARMOR","Damage":37}},"17":{"==":"org.bukkit.inventory.ItemStack","v":3465,"type":"ANDESITE","amount":64},"39":{"==":"org.bukkit.inventory.ItemStack","v":3465,"type":"LEATHER_HELMET","meta":{"==":"ItemMeta","meta-type":"COLORABLE_ARMOR","Damage":37}},"18":{"==":"org.bukkit.inventory.ItemStack","v":3465,"type":"RAW_COPPER","amount":32},"19":{"==":"org.bukkit.inventory.ItemStack","v":3465,"type":"ANDESITE","amount":64},"0":{"==":"org.bukkit.inventory.ItemStack","v":3465,"type":"IRON_AXE"},"1":{"==":"org.bukkit.inventory.ItemStack","v":3465,"type":"IRON_PICKAXE","meta":{"==":"ItemMeta","meta-type":"UNSPECIFIC","Damage":3}},"2":{"==":"org.bukkit.inventory.ItemStack","v":3465,"type":"SIMPLEDRILLS_IRON_DRILL","meta":{"==":"ItemMeta","meta-type":"UNSPECIFIC","Damage":83}},"5":{"==":"org.bukkit.inventory.ItemStack","v":3465,"type":"ANDESITE","amount":64},"6":{"==":"org.bukkit.inventory.ItemStack","v":3465,"type":"ANDESITE","amount":38},"7":{"==":"org.bukkit.inventory.ItemStack","v":3465,"type":"ANDESITE","amount":64},"8":{"==":"org.bukkit.inventory.ItemStack","v":3465,"type":"WOODEN_PICKAXE","meta":{"==":"ItemMeta","meta-type":"UNSPECIFIC","Damage":22}},"9":{"==":"org.bukkit.inventory.ItemStack","v":3465,"type":"RAW_IRON","amount":3},"20":{"==":"org.bukkit.inventory.ItemStack","v":3465,"type":"DIORITE","amount":10},"21":{"==":"org.bukkit.inventory.ItemStack","v":3465,"type":"COBBLESTONE","amount":15}},"enderChestContents":{},"bedSpawnLocation":{"==":"org.bukkit.Location","world":"world","x":-578.5,"y":111.0,"z":-53.5,"pitch":0.0,"yaw":-17.06842},"potions":[],"offHandItem":{"==":"org.bukkit.inventory.ItemStack","v":3465,"type":"AIR","amount":0},"armorContents":{"0":{"==":"org.bukkit.inventory.ItemStack","v":3465,"type":"LEATHER_BOOTS","meta":{"==":"ItemMeta","meta-type":"COLORABLE_ARMOR","Damage":37}},"1":{"==":"org.bukkit.inventory.ItemStack","v":3465,"type":"LEATHER_LEGGINGS","meta":{"==":"ItemMeta","meta-type":"COLORABLE_ARMOR","Damage":37}},"2":{"==":"org.bukkit.inventory.ItemStack","v":3465,"type":"LEATHER_CHESTPLATE","meta":{"==":"ItemMeta","meta-type":"COLORABLE_ARMOR","Damage":37}},"3":{"==":"org.bukkit.inventory.ItemStack","v":3465,"type":"LEATHER_HELMET","meta":{"==":"ItemMeta","meta-type":"COLORABLE_ARMOR","Damage":37}}},"stats":{"ex":"1.3620076","ma":"300","fl":"10","el":"2","xp":"0.36363646","hp":"7.261787414550781","txp":"20","ft":"-20","fd":"0.0","sa":"0.0","ra":"300"}}}