{"SURVIVAL":{"potions":[],"enderChestContents":{},"armorContents":{"0":{"==":"org.bukkit.inventory.ItemStack","v":3465,"type":"LEATHER_BOOTS","meta":{"==":"ItemMeta","meta-type":"COLORABLE_ARMOR","Damage":7}},"1":{"==":"org.bukkit.inventory.ItemStack","v":3465,"type":"LEATHER_LEGGINGS","meta":{"==":"ItemMeta","meta-type":"COLORABLE_ARMOR","Damage":7}},"2":{"==":"org.bukkit.inventory.ItemStack","v":3465,"type":"LEATHER_CHESTPLATE","meta":{"==":"ItemMeta","meta-type":"COLORABLE_ARMOR","Damage":7}},"3":{"==":"org.bukkit.inventory.ItemStack","v":3465,"type":"LEATHER_HELMET","meta":{"==":"ItemMeta","meta-type":"COLORABLE_ARMOR","Damage":7}}},"inventoryContents":{"25":{"==":"org.bukkit.inventory.ItemStack","v":3465,"type":"OAK_PLANKS","amount":29},"10":{"==":"org.bukkit.inventory.ItemStack","v":3465,"type":"COBBLEMON_RELIC_COIN_SACK","meta":{"==":"ItemMeta","meta-type":"UNSPECIFIC","display-name":"{\"extra\":[{\"bold\":false,\"italic\":false,\"underlined\":false,\"strikethrough\":false,\"obfuscated\":false,\"color\":\"#084CFB\",\"text\":\"B\"},{\"bold\":false,\"italic\":false,\"underlined\":false,\"strikethrough\":false,\"obfuscated\":false,\"color\":\"#0E52FB\",\"text\":\"o\"},{\"bold\":false,\"italic\":false,\"underlined\":false,\"strikethrough\":false,\"obfuscated\":false,\"color\":\"#1559FB\",\"text\":\"l\"},{\"bold\":false,\"italic\":false,\"underlined\":false,\"strikethrough\":false,\"obfuscated\":false,\"color\":\"#1B5FFB\",\"text\":\"s\"},{\"bold\":false,\"italic\":false,\"underlined\":false,\"strikethrough\":false,\"obfuscated\":false,\"color\":\"#2166FB\",\"text\":\"ó\"},{\"bold\":false,\"italic\":false,\"underlined\":false,\"strikethrough\":false,\"obfuscated\":false,\"color\":\"#286CFB\",\"text\":\"n \"},{\"bold\":false,\"italic\":false,\"underlined\":false,\"strikethrough\":false,\"obfuscated\":false,\"color\":\"#3479FC\",\"text\":\"D\"},{\"bold\":false,\"italic\":false,\"underlined\":false,\"strikethrough\":false,\"obfuscated\":false,\"color\":\"#3B7FFC\",\"text\":\"e \"},{\"bold\":false,\"italic\":false,\"underlined\":false,\"strikethrough\":false,\"obfuscated\":false,\"color\":\"#478CFC\",\"text\":\"M\"},{\"bold\":false,\"italic\":false,\"underlined\":false,\"strikethrough\":false,\"obfuscated\":false,\"color\":\"#4E93FC\",\"text\":\"o\"},{\"bold\":false,\"italic\":false,\"underlined\":false,\"strikethrough\":false,\"obfuscated\":false,\"color\":\"#5499FC\",\"text\":\"n\"},{\"bold\":false,\"italic\":false,\"underlined\":false,\"strikethrough\":false,\"obfuscated\":false,\"color\":\"#5BA0FC\",\"text\":\"e\"},{\"bold\":false,\"italic\":false,\"underlined\":false,\"strikethrough\":false,\"obfuscated\":false,\"color\":\"#61A6FC\",\"text\":\"d\"},{\"bold\":false,\"italic\":false,\"underlined\":false,\"strikethrough\":false,\"obfuscated\":false,\"color\":\"#67ACFC\",\"text\":\"a\"},{\"bold\":false,\"italic\":false,\"underlined\":false,\"strikethrough\":false,\"obfuscated\":false,\"color\":\"#6EB3FC\",\"text\":\"s \"},{\"bold\":false,\"italic\":false,\"underlined\":false,\"strikethrough\":false,\"obfuscated\":false,\"color\":\"#7AC0FC\",\"text\":\"ᴇ\"},{\"bold\":false,\"italic\":false,\"underlined\":false,\"strikethrough\":false,\"obfuscated\":false,\"color\":\"#81C6FC\",\"text\":\"ɴ\"},{\"bold\":false,\"italic\":false,\"underlined\":false,\"strikethrough\":false,\"obfuscated\":false,\"color\":\"#87CCFD\",\"text\":\"ᴄ\"},{\"bold\":false,\"italic\":false,\"underlined\":false,\"strikethrough\":false,\"obfuscated\":false,\"color\":\"#8DD3FD\",\"text\":\"ᴀ\"},{\"bold\":false,\"italic\":false,\"underlined\":false,\"strikethrough\":false,\"obfuscated\":false,\"color\":\"#94D9FD\",\"text\":\"ɴ\"},{\"bold\":false,\"italic\":false,\"underlined\":false,\"strikethrough\":false,\"obfuscated\":false,\"color\":\"#9AE0FD\",\"text\":\"ᴛ\"},{\"bold\":false,\"italic\":false,\"underlined\":false,\"strikethrough\":false,\"obfuscated\":false,\"color\":\"#A0E6FD\",\"text\":\"ᴀ\"},{\"bold\":false,\"italic\":false,\"underlined\":false,\"strikethrough\":false,\"obfuscated\":false,\"color\":\"#A7EDFD\",\"text\":\"ᴅ\"},{\"bold\":false,\"italic\":false,\"underlined\":false,\"strikethrough\":false,\"obfuscated\":false,\"color\":\"#ADF3FD\",\"text\":\"ᴀ\"}],\"text\":\"\"}","enchants":{"DIG_SPEED":2},"ItemFlags":["HIDE_ENCHANTS","HIDE_ATTRIBUTES","HIDE_UNBREAKABLE","HIDE_DESTROYS","HIDE_PLACED_ON","HIDE_POTION_EFFECTS","HIDE_DYE","HIDE_ARMOR_TRIM"]}},"12":{"==":"org.bukkit.inventory.ItemStack","v":3465,"type":"GUNPOWDER","amount":3},"14":{"==":"org.bukkit.inventory.ItemStack","v":3465,"type":"COBBLESTONE","amount":16},"36":{"==":"org.bukkit.inventory.ItemStack","v":3465,"type":"LEATHER_BOOTS","meta":{"==":"ItemMeta","meta-type":"COLORABLE_ARMOR","Damage":7}},"37":{"==":"org.bukkit.inventory.ItemStack","v":3465,"type":"LEATHER_LEGGINGS","meta":{"==":"ItemMeta","meta-type":"COLORABLE_ARMOR","Damage":7}},"38":{"==":"org.bukkit.inventory.ItemStack","v":3465,"type":"LEATHER_CHESTPLATE","meta":{"==":"ItemMeta","meta-type":"COLORABLE_ARMOR","Damage":7}},"39":{"==":"org.bukkit.inventory.ItemStack","v":3465,"type":"LEATHER_HELMET","meta":{"==":"ItemMeta","meta-type":"COLORABLE_ARMOR","Damage":7}},"0":{"==":"org.bukkit.inventory.ItemStack","v":3465,"type":"STONE_PICKAXE","meta":{"==":"ItemMeta","meta-type":"UNSPECIFIC","Damage":4}},"1":{"==":"org.bukkit.inventory.ItemStack","v":3465,"type":"STONE_AXE"},"2":{"==":"org.bukkit.inventory.ItemStack","v":3465,"type":"COBBLEMON_NET_BALL"},"3":{"==":"org.bukkit.inventory.ItemStack","v":3465,"type":"COBBLEMON_RELIC_COIN","amount":26},"6":{"==":"org.bukkit.inventory.ItemStack","v":3465,"type":"RAW_IRON"},"8":{"==":"org.bukkit.inventory.ItemStack","v":3465,"type":"WOODEN_PICKAXE","meta":{"==":"ItemMeta","meta-type":"UNSPECIFIC","Damage":22}},"9":{"==":"org.bukkit.inventory.ItemStack","v":3465,"type":"COAL","amount":5}},"offHandItem":{"==":"org.bukkit.inventory.ItemStack","v":3465,"type":"AIR","amount":0},"bedSpawnLocation":{"==":"org.bukkit.Location","world":"world","x":-578.5,"y":111.1,"z":-53.5,"pitch":0.0,"yaw":-3.0064697},"stats":{"ex":"0.0","ma":"300","fl":"20","el":"0","hp":"20.0","xp":"0.0","txp":"0","ft":"-20","sa":"5.0","fd":"0.0","ra":"300"}}}