{"SURVIVAL":{"enderChestContents":{},"bedSpawnLocation":{"==":"org.bukkit.Location","world":"world","x":-578.5,"y":111.1,"z":-53.5,"pitch":0.0,"yaw":-132.53796},"potions":[],"offHandItem":{"==":"org.bukkit.inventory.ItemStack","v":3465,"type":"AIR","amount":0},"armorContents":{},"inventoryContents":{"22":{"==":"org.bukkit.inventory.ItemStack","v":3465,"type":"OAK_PLANKS","amount":56},"23":{"==":"org.bukkit.inventory.ItemStack","v":3465,"type":"CREATE_ANDESITE_SCAFFOLDING"},"25":{"==":"org.bukkit.inventory.ItemStack","v":3465,"type":"ARROW","amount":2},"27":{"==":"org.bukkit.inventory.ItemStack","v":3465,"type":"POLISHED_DIORITE","amount":4},"29":{"==":"org.bukkit.inventory.ItemStack","v":3465,"type":"COOKED_MUTTON","amount":3},"30":{"==":"org.bukkit.inventory.ItemStack","v":3465,"type":"IRON_INGOT","amount":31},"10":{"==":"org.bukkit.inventory.ItemStack","v":3465,"type":"CREATE_IRON_SHEET"},"32":{"==":"org.bukkit.inventory.ItemStack","v":3465,"type":"WOODEN_PICKAXE","meta":{"==":"ItemMeta","meta-type":"UNSPECIFIC","Damage":22}},"13":{"==":"org.bukkit.inventory.ItemStack","v":3465,"type":"COBBLEMON_NET_BALL"},"14":{"==":"org.bukkit.inventory.ItemStack","v":3465,"type":"STONE_PICKAXE","meta":{"==":"ItemMeta","meta-type":"UNSPECIFIC","Damage":4}},"15":{"==":"org.bukkit.inventory.ItemStack","v":3465,"type":"STONE_AXE","meta":{"==":"ItemMeta","meta-type":"UNSPECIFIC","Damage":18}},"16":{"==":"org.bukkit.inventory.ItemStack","v":3465,"type":"CORNFLOWER","amount":4},"17":{"==":"org.bukkit.inventory.ItemStack","v":3465,"type":"OAK_LOG","meta":{"==":"ItemMeta","meta-type":"UNSPECIFIC","enchants":{"DIG_SPEED":999}}},"0":{"==":"org.bukkit.inventory.ItemStack","v":3465,"type":"IRON_AXE","meta":{"==":"ItemMeta","meta-type":"UNSPECIFIC","Damage":115}},"1":{"==":"org.bukkit.inventory.ItemStack","v":3465,"type":"IRON_PICKAXE","meta":{"==":"ItemMeta","meta-type":"UNSPECIFIC","Damage":60}},"2":{"==":"org.bukkit.inventory.ItemStack","v":3465,"type":"OAK_LOG","amount":42},"3":{"==":"org.bukkit.inventory.ItemStack","v":3465,"type":"CREATE_ANDESITE_ALLOY","amount":4},"5":{"==":"org.bukkit.inventory.ItemStack","v":3465,"type":"HONEY_BOTTLE"},"6":{"==":"org.bukkit.inventory.ItemStack","v":3465,"type":"COPPER_INGOT","amount":2},"7":{"==":"org.bukkit.inventory.ItemStack","v":3465,"type":"SIMPLEDRILLS_IRON_DRILL","meta":{"==":"ItemMeta","meta-type":"UNSPECIFIC","Damage":93}},"8":{"==":"org.bukkit.inventory.ItemStack","v":3465,"type":"SIMPLEDRILLS_DIAMOND_DRILL","meta":{"==":"ItemMeta","meta-type":"UNSPECIFIC","Damage":1}},"9":{"==":"org.bukkit.inventory.ItemStack","v":3465,"type":"OAK_SLAB","amount":5},"20":{"==":"org.bukkit.inventory.ItemStack","v":3465,"type":"BUCKET"},"21":{"==":"org.bukkit.inventory.ItemStack","v":3465,"type":"CREATE_SHAFT","amount":4}},"stats":{"ex":"3.209003","ma":"300","fl":"20","el":"4","hp":"20.0","xp":"0.066666715","txp":"41","ft":"-20","fd":"0.0","sa":"1.0","ra":"300"}}}