{"SURVIVAL":{"bedSpawnLocation":{"==":"org.bukkit.Location","world":"world","x":-578.5,"y":111.0999984741211,"z":-53.5,"pitch":0.0,"yaw":-3.0064697},"inventoryContents":{"10":{"==":"org.bukkit.inventory.ItemStack","v":3465,"type":"COBBLEMON_GREEN_APRICORN_SEED"},"11":{"==":"org.bukkit.inventory.ItemStack","v":3465,"type":"COBBLEMON_GREEN_APRICORN","amount":2},"12":{"==":"org.bukkit.inventory.ItemStack","v":3465,"type":"COBBLEMON_RED_APRICORN"},"13":{"==":"org.bukkit.inventory.ItemStack","v":3465,"type":"COBBLEMON_WHITE_APRICORN","amount":11},"14":{"==":"org.bukkit.inventory.ItemStack","v":3465,"type":"COBBLEMON_PINK_APRICORN","amount":3},"15":{"==":"org.bukkit.inventory.ItemStack","v":3465,"type":"COBBLEMON_BLUE_APRICORN","amount":11},"16":{"==":"org.bukkit.inventory.ItemStack","v":3465,"type":"COBBLEMON_PINK_APRICORN_SEED"},"17":{"==":"org.bukkit.inventory.ItemStack","v":3465,"type":"COBBLEMON_BLUE_APRICORN_SEED","amount":2},"9":{"==":"org.bukkit.inventory.ItemStack","v":3465,"type":"COBBLEMON_WHITE_APRICORN_SEED"}},"potions":[],"armorContents":{},"enderChestContents":{},"offHandItem":{"==":"org.bukkit.inventory.ItemStack","v":3465,"type":"AIR","amount":0},"stats":{"ex":"3.5160017","ma":"300","fl":"20","el":"0","xp":"0.0","hp":"20.0","txp":"0","fd":"0.0","ft":"-20","sa":"1.0","ra":"300"}}}