{"stats":{"minecraft:custom":{"minecraft:interact_with_smithing_table":2,"minecraft:interact_with_furnace":12,"minecraft:mob_kills":26,"minecraft:interact_with_crafting_table":6,"minecraft:leave_game":3,"minecraft:time_since_death":88033,"minecraft:climb_one_cm":614,"minecraft:time_since_rest":88033,"minecraft:sprint_one_cm":188145,"minecraft:damage_taken":745,"minecraft:walk_one_cm":210550,"minecraft:drop":2,"minecraft:damage_dealt":5889,"minecraft:swim_one_cm":16938,"minecraft:fly_one_cm":315672,"minecraft:player_kills":12,"minecraft:open_chest":2,"minecraft:crouch_one_cm":9057,"minecraft:play_time":88033,"minecraft:sneak_time":3525,"minecraft:walk_under_water_one_cm":2291,"minecraft:boat_one_cm":32850,"minecraft:jump":1521,"minecraft:walk_on_water_one_cm":8291,"minecraft:total_world_time":88033,"minecraft:fall_one_cm":34569},"minecraft:crafted":{"minecraft:oak_planks":48,"minecraft:cooked_porkchop":13,"minecraft:crafting_table":1,"minecraft:wooden_pickaxe":1,"minecraft:cooked_chicken":4,"minecraft:furnace":1,"minecraft:birch_planks":20,"minecraft:stone_axe":1,"minecraft:cooked_mutton":2,"minecraft:air":0,"cobblemon:quick_ball":128,"minecraft:stick":32,"minecraft:stone_pickaxe":1,"minecraft:wooden_axe":1},"minecraft:dropped":{"minecraft:wheat_seeds":1,"minecraft:rotten_flesh":2},"minecraft:used":{"minecraft:cooked_mutton":2,"minecraft:stone_pickaxe":63,"minecraft:oak_planks":160,"minecraft:chest":7,"minecraft:wooden_pickaxe":4,"minecraft:green_bed":1,"minecraft:cooked_chicken":4,"minecraft:anvil":1,"minecraft:mutton":2,"minecraft:crafting_table":5,"cobblemon:yellow_apricorn_seed":4,"minecraft:blast_furnace":2,"minecraft:smoker":2,"cobblemon:healing_machine":1,"minecraft:spruce_log":144,"minecraft:oak_log":1,"minecraft:glass":2,"minecraft:wooden_axe":34,"minecraft:cherry_door":2,"minecraft:grass_block":12,"minecraft:oak_stairs":173,"cobblemon:pc":1,"minecraft:stone_axe":49,"minecraft:red_carpet":17,"minecraft:cobblestone":77,"minecraft:brown_carpet":18,"minecraft:furnace":4,"minecraft:cooked_porkchop":7,"minecraft:smithing_table":1,"minecraft:polished_diorite_stairs":2,"minecraft:glass_pane":71,"cobblemon:blue_apricorn_seed":4,"minecraft:birch_stairs":7},"minecraft:killed":{"minecraft:pig":6,"minecraft:salmon":1,"minecraft:spider":1,"minecraft:creeper":2,"minecraft:sheep":6,"minecraft:skeleton":1,"minecraft:zombie":5,"minecraft:chicken":4},"minecraft:picked_up":{"minecraft:birch_log":5,"minecraft:crafting_table":3,"minecraft:feather":2,"minecraft:chicken":4,"minecraft:smithing_table":1,"minecraft:oak_log":13,"minecraft:raw_copper":19,"cobblemon:white_apricorn":3,"minecraft:red_carpet":1,"minecraft:bone":2,"minecraft:wheat_seeds":1,"minecraft:rabbit":1,"cobblemon:quick_ball":1,"minecraft:furnace":2,"minecraft:raw_iron":2,"minecraft:stick":1,"minecraft:porkchop":13,"cobblemon:pink_apricorn":1,"minecraft:spruce_log":1,"minecraft:arrow":1,"minecraft:rotten_flesh":4,"minecraft:mutton":8,"minecraft:white_wool":4,"minecraft:coal":17,"minecraft:cobblestone":47},"minecraft:mined":{"minecraft:smithing_table":1,"minecraft:crafting_table":3,"minecraft:cobblestone":2,"minecraft:copper_ore":5,"minecraft:furnace":2,"minecraft:birch_log":5,"minecraft:iron_ore":2,"minecraft:birch_leaves":2,"minecraft:grass":4,"minecraft:oak_log":13,"minecraft:coal_ore":9,"minecraft:stone":46,"minecraft:oak_leaves":3,"minecraft:fern":2},"minecraft:broken":{"minecraft:wooden_axe":1}},"DataVersion":3465}