{"stats":{"minecraft:broken":{"minecraft:stone_pickaxe":2},"minecraft:crafted":{"minecraft:oak_door":3,"minecraft:oak_planks":88,"minecraft:stone_shovel":1,"minecraft:iron_nugget":45,"minecraft:furnace":1,"minecraft:stone":3,"minecraft:iron_axe":2,"minecraft:stone_pickaxe":3,"minecraft:chest":2,"create:cogwheel":1,"simpledrills:iron_drill":1,"minecraft:red_dye":1,"create:andesite_door":1,"minecraft:crimson_planks":12,"create:andesite_alloy":22,"minecraft:crafting_table":2,"minecraft:iron_helmet":1,"minecraft:wooden_pickaxe":1,"minecraft:golden_pickaxe":1,"minecraft:campfire":1,"minecraft:stone_axe":1,"minecraft:air":0,"minecraft:blue_dye":4,"justhammers:iron_hammer":1,"minecraft:stick":32,"minecraft:iron_ingot":16,"minecraft:iron_pickaxe":2,"minecraft:iron_block":1,"minecraft:stonecutter":1,"create:shaft":8,"minecraft:torch":16},"minecraft:custom":{"minecraft:mob_kills":11,"minecraft:interact_with_crafting_table":36,"minecraft:open_barrel":1,"minecraft:interact_with_campfire":2,"minecraft:bell_ring":3,"minecraft:leave_game":7,"minecraft:time_since_death":11806,"minecraft:climb_one_cm":10427,"minecraft:sprint_one_cm":730390,"minecraft:walk_one_cm":643114,"minecraft:drop":64,"minecraft:talked_to_villager":1,"minecraft:play_time":308655,"minecraft:deaths":46,"minecraft:sneak_time":11744,"minecraft:walk_under_water_one_cm":4636,"minecraft:jump":6968,"minecraft:interact_with_blast_furnace":2,"minecraft:walk_on_water_one_cm":11050,"minecraft:total_world_time":308655,"minecraft:interact_with_furnace":13,"minecraft:interact_with_stonecutter":4,"minecraft:sleep_in_bed":8,"minecraft:time_since_rest":9608,"minecraft:damage_taken":14433,"minecraft:damage_dealt":3117,"minecraft:swim_one_cm":46520,"minecraft:player_kills":1,"minecraft:fly_one_cm":1646160,"minecraft:open_chest":50,"minecraft:crouch_one_cm":38010,"minecraft:interact_with_smoker":1,"minecraft:fall_one_cm":313609},"minecraft:killed_by":{"minecraft:player":16,"minecraft:zombified_piglin":2,"minecraft:creeper":2,"minecraft:piglin":1,"minecraft:skeleton":1,"minecraft:zombie":4},"minecraft:killed":{"minecraft:spider":1,"minecraft:phantom":1,"cobblemon:pokemon":1,"minecraft:zombie_villager":1,"minecraft:creeper":1,"minecraft:zombie":4,"minecraft:enderman":1},"minecraft:mined":{"minecraft:white_bed":1,"minecraft:oak_door":2,"create:andesite_casing":18,"cobblemon:big_root":13,"minecraft:granite":2,"minecraft:glow_lichen":1,"minecraft:ladder":4,"minecraft:grass_block":56,"minecraft:spruce_leaves":2,"minecraft:crimson_stem":3,"minecraft:iron_ore":19,"minecraft:fire":5,"minecraft:andesite":175,"minecraft:dirt_path":2,"cobblemon:nether_fire_stone_ore":4,"minecraft:stone":204,"minecraft:brown_mushroom":7,"minecraft:glass_pane":2,"minecraft:dandelion":5,"minecraft:powder_snow":3,"minecraft:torch":3,"cobblemon:blue_mint":3,"minecraft:cornflower":23,"minecraft:emerald_ore":1,"minecraft:poppy":1,"minecraft:chest":2,"minecraft:copper_ore":5,"cobblemon:cyan_mint":1,"cobblemon:energy_root":3,"minecraft:tall_grass":18,"minecraft:cobblestone":1,"minecraft:lapis_ore":5,"minecraft:diorite":6,"cobblemon:green_mint":3,"minecraft:ice":2,"minecraft:lilac":1,"minecraft:grass":135,"minecraft:oak_log":45,"minecraft:coal_ore":14,"cobblemon:white_mint":3,"cobblemon:thunder_stone_ore":1,"minecraft:dirt":79,"minecraft:netherrack":7,"minecraft:oak_leaves":9,"minecraft:fern":2},"minecraft:used":{"minecraft:stone_shovel":50,"minecraft:ladder":4,"minecraft:chest":2,"minecraft:rotten_flesh":3,"minecraft:netherrack":81,"minecraft:oak_door":2,"minecraft:torch":19,"minecraft:dirt":126,"create:andesite_door":1,"create:polished_cut_andesite_stairs":13,"minecraft:iron_axe":67,"minecraft:grass_block":1,"minecraft:iron_helmet":1,"minecraft:golden_sword":11,"minecraft:oak_sapling":2,"minecraft:furnace":1,"minecraft:cooked_beef":15,"simpledrills:iron_drill":84,"minecraft:cooked_mutton":3,"minecraft:leather_leggings":1,"minecraft:stone_pickaxe":281,"minecraft:oak_planks":16,"minecraft:wooden_pickaxe":22,"minecraft:leather_chestplate":1,"minecraft:brown_mushroom":7,"minecraft:stonecutter":1,"minecraft:leather_boots":1,"create:polished_cut_andesite":131,"minecraft:crafting_table":2,"minecraft:white_bed":1,"minecraft:campfire":1,"justhammers:iron_hammer":94,"minecraft:oak_log":18,"minecraft:cornflower":19,"minecraft:zombie_head":1,"minecraft:iron_pickaxe":45,"minecraft:leather_helmet":1,"minecraft:golden_leggings":2,"minecraft:stone_axe":10,"minecraft:cobblestone":215,"minecraft:golden_pickaxe":11},"minecraft:dropped":{"minecraft:iron_ingot":81,"cobblemon:blue_mint_leaf":3,"minecraft:wheat_seeds":13,"minecraft:oak_log":10,"minecraft:glass_bottle":5,"cobgyms:lesser_shard":10,"minecraft:diamond_leggings":1,"cobblemon:ice_heal":2,"minecraft:iron_helmet":1,"minecraft:cobblestone":3,"cobblemon:potion":2,"cobblemon:revive":1,"minecraft:golden_apple":1,"minecraft:stick":1,"cobbledex:cobbledex_item":2,"minecraft:dirt":14,"cobblemon:white_mint_seeds":3,"cobblemon:green_mint_leaf":3,"minecraft:diamond_helmet":1,"cobblemon:paralyze_heal":2,"minecraft:phantom_membrane":1,"minecraft:red_dye":1,"minecraft:gold_ingot":45,"cobblemon:relic_coin":17,"minecraft:obsidian":1,"minecraft:rotten_flesh":2,"minecraft:oak_planks":2,"patchouli:guide_book":1,"cobblemon:white_mint_leaf":4,"cobblemon:green_mint_seeds":3,"minecraft:poppy":1,"cobblemon:cyan_mint_seeds":1,"minecraft:diamond_chestplate":1,"cobblemon:heal_ball":2,"minecraft:golden_leggings":1,"minecraft:oak_sapling":3,"minecraft:golden_sword":1,"minecraft:diamond_boots":1},"minecraft:picked_up":{"cobblemon:remedy":2,"cobblemon:green_mint_leaf":3,"minecraft:ladder":4,"cobblemon:blue_mint_leaf":3,"cobblemon:yellow_apricorn":10,"minecraft:brown_mushroom":7,"cobblemon:red_apricorn":1,"minecraft:golden_sword":1,"cobblemon:cyan_mint_seeds":1,"minecraft:cornflower":23,"minecraft:raw_copper":96,"cobblemon:white_mint_leaf":4,"cobblemon:white_apricorn":17,"minecraft:zombie_head":1,"cobblemon:ice_heal":2,"minecraft:diamond_leggings":1,"cobblemon:green_apricorn":4,"cobblemon:white_apricorn_seed":1,"cobblemon:relic_coin":363,"minecraft:poppy":2,"cobblemon:big_root":13,"cobblemon:quick_ball":11,"cobblemon:green_apricorn_seed":2,"minecraft:phantom_membrane":2,"minecraft:stick":3,"minecraft:raw_iron":19,"minecraft:oak_door":2,"minecraft:torch":3,"create:andesite_casing":18,"cobblemon:white_mint_seeds":3,"minecraft:diorite":19,"minecraft:rotten_flesh":9,"minecraft:diamond_chestplate":1,"cobblemon:revive":1,"minecraft:diamond_boots":1,"minecraft:gold_ingot":45,"cobblemon:green_mint_seeds":3,"minecraft:obsidian":1,"cobblemon:blue_apricorn":29,"minecraft:cobblestone":828,"minecraft:lilac":1,"minecraft:crimson_stem":3,"minecraft:andesite":404,"minecraft:golden_leggings":1,"minecraft:oak_log":54,"minecraft:gunpowder":5,"minecraft:lapis_lazuli":33,"minecraft:dirt":158,"cobblemon:pink_apricorn_seed":1,"cobblemon:heal_ball":2,"cobblemon:paralyze_heal":2,"minecraft:cooked_mutton":3,"minecraft:wheat_seeds":30,"cobblemon:potion":2,"minecraft:iron_ingot":113,"cobblemon:thunder_stone":1,"minecraft:diamond_helmet":1,"minecraft:glass_bottle":5,"cobbledex:cobbledex_item":2,"minecraft:oak_planks":5,"patchouli:guide_book":1,"minecraft:dandelion":5,"cobblemon:blue_apricorn_seed":2,"cobblemon:fire_stone":4,"cobblemon:yellow_apricorn_seed":1,"cobblemon:pink_apricorn":6,"minecraft:white_bed":1,"minecraft:grass_block":1,"cobgyms:lesser_shard":10,"cobblemon:poke_ball":5,"minecraft:iron_helmet":1,"minecraft:granite":21,"minecraft:emerald":1,"minecraft:oak_sapling":5,"minecraft:netherrack":305,"minecraft:coal":31,"cobblemon:energy_root":3}},"DataVersion":3465}