{"stats":{"minecraft:killed_by":{"minecraft:zombified_piglin":2,"minecraft:piglin_brute":1,"minecraft:creeper":2,"minecraft:piglin":1,"minecraft:zombie":6,"minecraft:player":18,"minecraft:skeleton":2},"minecraft:custom":{"minecraft:interact_with_crafting_table":90,"minecraft:open_barrel":1,"minecraft:bell_ring":3,"minecraft:leave_game":7,"minecraft:time_since_death":8802,"minecraft:sprint_one_cm":1019253,"minecraft:drop":94,"minecraft:talked_to_villager":1,"minecraft:play_time":465375,"minecraft:deaths":61,"minecraft:jump":9605,"minecraft:walk_on_water_one_cm":21044,"minecraft:interact_with_furnace":28,"minecraft:sleep_in_bed":8,"minecraft:damage_dealt":5766,"minecraft:player_kills":2,"minecraft:crouch_one_cm":56183,"minecraft:interact_with_smoker":1,"minecraft:mob_kills":21,"minecraft:interact_with_campfire":4,"minecraft:climb_one_cm":10495,"minecraft:walk_one_cm":1011684,"minecraft:sneak_time":17519,"minecraft:walk_under_water_one_cm":7309,"minecraft:interact_with_blast_furnace":2,"minecraft:total_world_time":465375,"minecraft:interact_with_stonecutter":7,"minecraft:time_since_rest":8846,"minecraft:damage_taken":19281,"minecraft:swim_one_cm":46520,"minecraft:fly_one_cm":2232282,"minecraft:open_chest":84,"minecraft:fall_one_cm":424894},"minecraft:broken":{"minecraft:leather_leggings":1,"minecraft:stone_pickaxe":2,"minecraft:leather_helmet":1,"minecraft:leather_chestplate":1,"minecraft:leather_boots":1,"minecraft:iron_pickaxe":1},"minecraft:crafted":{"minecraft:oak_planks":260,"minecraft:stone":3,"minecraft:lever":1,"create:mechanical_bearing":1,"create:vertical_gearbox":1,"create:mechanical_press":1,"minecraft:chest":4,"create:cogwheel":18,"minecraft:oak_fence":18,"minecraft:oak_slab":6,"create:depot":1,"create:rose_quartz":1,"minecraft:crafting_table":3,"minecraft:wooden_pickaxe":1,"minecraft:iron_helmet":2,"minecraft:golden_pickaxe":1,"minecraft:copper_ingot":33,"create:sand_paper":2,"minecraft:campfire":1,"create:mechanical_mixer":1,"simpledrills:diamond_drill":1,"create:gearbox":2,"minecraft:paper":3,"create:water_wheel":2,"minecraft:stick":60,"minecraft:iron_ingot":128,"minecraft:iron_pickaxe":3,"minecraft:iron_block":2,"create:empty_blaze_burner":1,"minecraft:oak_door":3,"minecraft:raw_iron":9,"minecraft:stone_shovel":1,"minecraft:iron_nugget":144,"minecraft:furnace":2,"minecraft:oak_trapdoor":4,"minecraft:diamond_block":1,"minecraft:polished_diorite":4,"minecraft:iron_axe":2,"create:millstone":1,"minecraft:stone_pickaxe":3,"create:basin":1,"simpledrills:iron_drill":1,"minecraft:red_dye":1,"create:andesite_door":1,"minecraft:crimson_planks":12,"create:andesite_alloy":71,"create:hand_crank":1,"minecraft:bucket":1,"minecraft:stone_axe":1,"minecraft:air":0,"minecraft:blue_dye":4,"justhammers:iron_hammer":1,"create:whisk":1,"create:andesite_scaffolding":4,"minecraft:iron_leggings":1,"minecraft:stonecutter":1,"create:shaft":32,"minecraft:torch":44,"create:zinc_ingot":11},"minecraft:killed":{"minecraft:spider":1,"minecraft:skeleton":2,"minecraft:piglin_brute":1,"minecraft:zombie_villager":2,"minecraft:creeper":1,"minecraft:zombie":10,"minecraft:phantom":1,"cobblemon:pokemon":1,"minecraft:enderman":1},"minecraft:dropped":{"cobblemon:blue_mint_leaf":3,"minecraft:oak_log":11,"minecraft:glass_bottle":5,"cobgyms:lesser_shard":10,"cobblemon:ice_heal":2,"cobblemon:revive":1,"minecraft:dirt":14,"cobblemon:relic_coin_sack":1,"minecraft:cornflower":4,"cobblemon:green_mint_leaf":3,"minecraft:phantom_membrane":1,"minecraft:gold_ingot":45,"minecraft:obsidian":1,"minecraft:rotten_flesh":8,"minecraft:oak_planks":3,"patchouli:guide_book":1,"cobblemon:white_mint_leaf":4,"cobblemon:cyan_mint_seeds":1,"minecraft:poppy":1,"cobblemon:heal_ball":2,"minecraft:charcoal":2,"cobgyms:gym_key":4,"minecraft:iron_ingot":122,"minecraft:oak_slab":5,"minecraft:wheat_seeds":14,"minecraft:diamond_leggings":1,"minecraft:iron_helmet":1,"minecraft:cobblestone":3,"cobblemon:potion":2,"minecraft:copper_ingot":11,"minecraft:golden_apple":1,"minecraft:stick":1,"cobbledex:cobbledex_item":2,"cobblemon:white_mint_seeds":3,"minecraft:diamond_helmet":1,"cobblemon:paralyze_heal":2,"minecraft:red_dye":1,"cobblemon:relic_coin":17,"cobblemon:green_mint_seeds":3,"minecraft:diamond_chestplate":1,"create:zinc_ingot":11,"minecraft:golden_leggings":1,"minecraft:oak_sapling":3,"minecraft:golden_sword":1,"minecraft:diamond_boots":1,"minecraft:stone_pickaxe":1,"minecraft:wooden_pickaxe":1},"minecraft:used":{"minecraft:ladder":4,"minecraft:chest":4,"minecraft:rotten_flesh":5,"create:mechanical_bearing":1,"create:cogwheel":17,"create:depot":2,"create:polished_cut_andesite_stairs":13,"minecraft:grass_block":1,"simpledrills:diamond_drill":14,"minecraft:iron_helmet":1,"create:millstone":2,"minecraft:golden_sword":11,"create:shaft":10,"minecraft:furnace":2,"minecraft:oak_sapling":3,"minecraft:diorite":5,"minecraft:leather_leggings":1,"minecraft:stone_pickaxe":281,"minecraft:oak_planks":16,"minecraft:leather_chestplate":1,"minecraft:wooden_pickaxe":22,"create:polished_cut_andesite":149,"minecraft:lever":1,"minecraft:zombie_head":1,"create:andesite_casing":4,"create:basin":1,"create:andesite_scaffolding":6,"create:vertical_gearbox":1,"minecraft:golden_pickaxe":11,"minecraft:oak_trapdoor":5,"minecraft:oak_fence":8,"create:brass_door":3,"minecraft:stone_shovel":50,"minecraft:netherrack":191,"minecraft:oak_door":2,"minecraft:torch":42,"minecraft:dirt":147,"create:andesite_door":1,"create:mechanical_mixer":1,"minecraft:granite":24,"minecraft:polished_diorite":1,"create:gearbox":1,"minecraft:iron_axe":198,"minecraft:blaze_spawn_egg":1,"cobblemon:pc":1,"minecraft:cooked_beef":17,"minecraft:cobbled_deepslate":2,"simpledrills:iron_drill":89,"minecraft:cooked_mutton":8,"minecraft:water_bucket":10,"cobblemon:monitor":1,"minecraft:brown_mushroom":7,"minecraft:stonecutter":1,"minecraft:leather_boots":1,"create:blaze_burner":2,"minecraft:polished_blackstone_bricks":4,"minecraft:crafting_table":4,"minecraft:campfire":1,"minecraft:white_bed":1,"justhammers:iron_hammer":94,"minecraft:oak_log":27,"minecraft:cornflower":19,"minecraft:apple":11,"create:mechanical_press":1,"minecraft:iron_pickaxe":405,"create:water_wheel":2,"minecraft:leather_helmet":1,"minecraft:golden_leggings":2,"minecraft:stone_axe":10,"minecraft:cobblestone":235,"minecraft:bucket":10,"create:hand_crank":3},"minecraft:mined":{"create:deepslate_zinc_ore":9,"minecraft:white_bed":1,"minecraft:oak_sapling":1,"create:andesite_casing":29,"cobblemon:big_root":13,"minecraft:granite":26,"minecraft:grass_block":57,"create:brass_door":3,"minecraft:cracked_polished_blackstone_bricks":4,"minecraft:soul_soil":3,"minecraft:polished_diorite":1,"minecraft:polished_blackstone_bricks":30,"minecraft:raw_iron_block":1,"minecraft:iron_ore":25,"minecraft:fire":11,"minecraft:dirt_path":2,"minecraft:deepslate_redstone_ore":15,"create:cogwheel":7,"minecraft:brown_mushroom":7,"minecraft:blackstone":2,"minecraft:powder_snow":3,"cobblemon:blue_mint":3,"minecraft:torch":5,"minecraft:poppy":1,"minecraft:chest":2,"cobblemon:energy_root":3,"minecraft:nether_quartz_ore":14,"minecraft:cobblestone":3,"minecraft:sugar_cane":5,"minecraft:wall_torch":3,"minecraft:seagrass":1,"cobblemon:green_mint":3,"minecraft:lilac":1,"minecraft:grass":138,"minecraft:oak_log":96,"cobblemon:white_mint":3,"create:hand_crank":2,"cobblemon:thunder_stone_ore":1,"minecraft:sand":2,"minecraft:dirt":80,"minecraft:netherrack":131,"minecraft:oak_leaves":33,"minecraft:deepslate":6,"create:zinc_ore":2,"minecraft:tuff":15,"create:andesite_scaffolding":1,"create:millstone":1,"minecraft:oak_door":2,"minecraft:glow_lichen":1,"minecraft:ladder":4,"create:depot":1,"minecraft:spruce_leaves":2,"minecraft:crimson_stem":3,"create:shaft":7,"minecraft:oak_trapdoor":1,"minecraft:andesite":175,"minecraft:deepslate_iron_ore":50,"cobblemon:nether_fire_stone_ore":4,"create:polished_cut_andesite":11,"minecraft:stone":224,"minecraft:glass_pane":2,"minecraft:spruce_door":3,"minecraft:dandelion":5,"minecraft:crafting_table":2,"minecraft:cornflower":27,"minecraft:emerald_ore":1,"minecraft:campfire":1,"cobblemon:cyan_mint":1,"minecraft:tall_grass":18,"minecraft:copper_ore":5,"minecraft:lapis_ore":5,"minecraft:diorite":11,"cobgyms:nether_ancient_relic":1,"create:blaze_burner":1,"minecraft:ice":2,"minecraft:coal_ore":21,"minecraft:fern":2},"minecraft:picked_up":{"cobblemon:remedy":2,"minecraft:lead":7,"cobblemon:red_apricorn":1,"minecraft:golden_sword":1,"minecraft:soul_soil":3,"minecraft:raw_copper":127,"minecraft:iron_leggings":1,"minecraft:zombie_head":1,"create:sand_paper":2,"cobblemon:ice_heal":2,"minecraft:diamond_leggings":1,"minecraft:cobbled_deepslate":5,"minecraft:bucket":1,"cobblemon:white_apricorn_seed":1,"minecraft:iron_pickaxe":1,"cobblemon:big_root":13,"cobblemon:quick_ball":11,"minecraft:stick":5,"create:mechanical_mixer":1,"simpledrills:diamond_drill":1,"minecraft:oak_fence":10,"minecraft:torch":23,"create:andesite_casing":29,"cobblemon:white_mint_seeds":3,"minecraft:diorite":24,"minecraft:honey_bottle":1,"minecraft:rotten_flesh":20,"cobblemon:green_mint_seeds":3,"minecraft:obsidian":1,"minecraft:cobblestone":958,"minecraft:lilac":1,"minecraft:cooked_beef":2,"minecraft:andesite":404,"minecraft:golden_leggings":1,"minecraft:tuff":15,"create:raw_zinc":11,"megamons:anistarite_geode_block":57,"minecraft:lapis_lazuli":33,"minecraft:dirt":179,"minecraft:bone":2,"minecraft:bow":2,"minecraft:wheat_seeds":31,"cobblemon:potion":2,"cobblemon:thunder_stone":1,"create:shaft":7,"minecraft:diamond_helmet":1,"create:polished_cut_andesite":16,"minecraft:oak_planks":8,"patchouli:guide_book":1,"cobgyms:gym_key":3,"create:cogwheel":7,"create:empty_blaze_burner":1,"cobblemon:fire_stone":4,"minecraft:sand":2,"minecraft:grass_block":1,"cobgyms:lesser_shard":10,"minecraft:diamond":10,"cobblemon:poke_ball":5,"minecraft:cracked_polished_blackstone_bricks":4,"minecraft:granite":45,"minecraft:emerald":1,"minecraft:oak_sapling":7,"minecraft:netherrack":424,"cobblemon:energy_root":3,"minecraft:blaze_spawn_egg":1,"cobblemon:green_mint_leaf":3,"minecraft:charcoal":2,"minecraft:crafting_table":2,"minecraft:ladder":4,"cobblemon:yellow_apricorn":10,"cobblemon:blue_mint_leaf":3,"minecraft:brown_mushroom":7,"cobblemon:cyan_mint_seeds":1,"minecraft:cornflower":27,"minecraft:oak_trapdoor":1,"minecraft:iron_axe":1,"cobblemon:white_mint_leaf":4,"cobblemon:white_apricorn":17,"cobblemon:muscle_band":1,"minecraft:blackstone":2,"cobblemon:green_apricorn":4,"minecraft:beef":2,"cobblemon:relic_coin":1246,"minecraft:poppy":2,"minecraft:sugar_cane":29,"minecraft:phantom_membrane":2,"cobblemon:green_apricorn_seed":2,"create:polished_rose_quartz":1,"minecraft:raw_iron":74,"minecraft:oak_door":2,"minecraft:polished_blackstone_bricks":28,"create:hand_crank":2,"minecraft:redstone":130,"minecraft:arrow":4,"minecraft:diamond_chestplate":1,"cobblemon:revive":1,"minecraft:diamond_boots":1,"create:depot":1,"minecraft:gold_ingot":45,"cobblemon:blue_apricorn":29,"create:iron_sheet":1,"minecraft:crimson_stem":3,"minecraft:leather":2,"minecraft:oak_log":140,"minecraft:gunpowder":5,"create:blaze_burner":1,"minecraft:paper":1,"cobblemon:pink_apricorn_seed":1,"cobblemon:heal_ball":2,"minecraft:cooked_mutton":8,"cobblemon:paralyze_heal":2,"minecraft:apple":1,"minecraft:iron_ingot":155,"create:brass_door":3,"minecraft:glass_bottle":5,"cobbledex:cobbledex_item":2,"minecraft:quartz":27,"minecraft:dandelion":5,"cobblemon:blue_apricorn_seed":2,"minecraft:raw_iron_block":1,"cobblemon:yellow_apricorn_seed":1,"cobblemon:pink_apricorn":6,"minecraft:white_bed":1,"create:andesite_scaffolding":2,"create:millstone":1,"minecraft:stone_axe":1,"minecraft:polished_diorite":1,"minecraft:iron_helmet":2,"minecraft:coal":53}},"DataVersion":3465}