{"stats":{"minecraft:killed_by":{"minecraft:player":18,"minecraft:zombified_piglin":2,"minecraft:creeper":2,"minecraft:piglin":1,"minecraft:skeleton":2,"minecraft:zombie":6},"minecraft:custom":{"minecraft:mob_kills":17,"minecraft:interact_with_crafting_table":73,"minecraft:open_barrel":1,"minecraft:interact_with_campfire":4,"minecraft:bell_ring":3,"minecraft:leave_game":7,"minecraft:time_since_death":12688,"minecraft:climb_one_cm":10495,"minecraft:sprint_one_cm":898746,"minecraft:walk_one_cm":911720,"minecraft:drop":78,"minecraft:talked_to_villager":1,"minecraft:play_time":417375,"minecraft:sneak_time":15781,"minecraft:deaths":57,"minecraft:walk_under_water_one_cm":5225,"minecraft:jump":8447,"minecraft:interact_with_blast_furnace":2,"minecraft:walk_on_water_one_cm":18593,"minecraft:total_world_time":417375,"minecraft:interact_with_furnace":21,"minecraft:interact_with_stonecutter":7,"minecraft:sleep_in_bed":8,"minecraft:time_since_rest":12711,"minecraft:damage_taken":17688,"minecraft:damage_dealt":4495,"minecraft:swim_one_cm":46520,"minecraft:player_kills":2,"minecraft:fly_one_cm":1934047,"minecraft:open_chest":65,"minecraft:crouch_one_cm":48682,"minecraft:interact_with_smoker":1,"minecraft:fall_one_cm":377235},"minecraft:broken":{"minecraft:leather_helmet":1,"minecraft:leather_leggings":1,"minecraft:leather_chestplate":1,"minecraft:stone_pickaxe":2,"minecraft:leather_boots":1},"minecraft:crafted":{"minecraft:oak_door":3,"minecraft:oak_planks":168,"minecraft:stone_shovel":1,"minecraft:iron_nugget":90,"minecraft:furnace":1,"minecraft:stone":3,"minecraft:lever":1,"create:mechanical_bearing":1,"minecraft:diamond_block":1,"minecraft:oak_trapdoor":4,"create:vertical_gearbox":1,"minecraft:polished_diorite":4,"create:mechanical_press":1,"minecraft:iron_axe":2,"create:millstone":1,"minecraft:stone_pickaxe":3,"minecraft:chest":2,"minecraft:oak_fence":18,"create:cogwheel":15,"simpledrills:iron_drill":1,"minecraft:red_dye":1,"create:andesite_door":1,"create:depot":1,"minecraft:oak_slab":6,"minecraft:crimson_planks":12,"create:andesite_alloy":44,"minecraft:crafting_table":2,"minecraft:wooden_pickaxe":1,"minecraft:iron_helmet":2,"minecraft:golden_pickaxe":1,"minecraft:copper_ingot":2,"minecraft:bucket":1,"minecraft:campfire":1,"minecraft:stone_axe":1,"minecraft:air":0,"simpledrills:diamond_drill":1,"create:gearbox":2,"minecraft:blue_dye":4,"justhammers:iron_hammer":1,"create:andesite_scaffolding":4,"create:water_wheel":2,"minecraft:stick":56,"minecraft:iron_ingot":19,"minecraft:iron_pickaxe":2,"minecraft:iron_block":2,"minecraft:iron_leggings":1,"minecraft:stonecutter":1,"create:shaft":32,"minecraft:torch":44},"minecraft:killed":{"minecraft:spider":1,"minecraft:phantom":1,"minecraft:skeleton":2,"cobblemon:pokemon":1,"minecraft:zombie_villager":1,"minecraft:creeper":1,"minecraft:zombie":8,"minecraft:enderman":1},"minecraft:dropped":{"minecraft:iron_ingot":84,"minecraft:oak_slab":5,"cobblemon:blue_mint_leaf":3,"minecraft:wheat_seeds":14,"minecraft:oak_log":11,"minecraft:glass_bottle":5,"cobgyms:lesser_shard":10,"minecraft:diamond_leggings":1,"cobblemon:ice_heal":2,"minecraft:iron_helmet":1,"minecraft:cobblestone":3,"cobblemon:potion":2,"cobblemon:revive":1,"minecraft:golden_apple":1,"minecraft:stick":1,"cobbledex:cobbledex_item":2,"minecraft:dirt":14,"minecraft:cornflower":4,"cobblemon:white_mint_seeds":3,"cobblemon:green_mint_leaf":3,"minecraft:diamond_helmet":1,"cobblemon:paralyze_heal":2,"minecraft:phantom_membrane":1,"minecraft:red_dye":1,"minecraft:gold_ingot":45,"cobblemon:relic_coin":17,"minecraft:obsidian":1,"minecraft:rotten_flesh":8,"minecraft:oak_planks":3,"patchouli:guide_book":1,"cobblemon:white_mint_leaf":4,"cobblemon:green_mint_seeds":3,"minecraft:poppy":1,"cobblemon:cyan_mint_seeds":1,"minecraft:diamond_chestplate":1,"cobblemon:heal_ball":2,"minecraft:charcoal":2,"cobgyms:gym_key":1,"minecraft:golden_leggings":1,"minecraft:oak_sapling":3,"minecraft:golden_sword":1,"minecraft:diamond_boots":1,"minecraft:stone_pickaxe":1,"minecraft:wooden_pickaxe":1},"minecraft:used":{"minecraft:oak_fence":8,"minecraft:oak_trapdoor":5,"create:brass_door":3,"minecraft:stone_shovel":50,"minecraft:ladder":4,"minecraft:chest":2,"minecraft:oak_door":2,"minecraft:rotten_flesh":3,"minecraft:netherrack":81,"create:mechanical_bearing":1,"minecraft:torch":36,"minecraft:dirt":147,"create:andesite_door":1,"create:cogwheel":14,"create:polished_cut_andesite_stairs":13,"create:depot":2,"minecraft:granite":24,"minecraft:polished_diorite":1,"create:gearbox":1,"minecraft:iron_axe":183,"minecraft:grass_block":1,"minecraft:iron_helmet":1,"simpledrills:diamond_drill":14,"create:millstone":2,"cobblemon:pc":1,"minecraft:golden_sword":11,"create:shaft":7,"minecraft:oak_sapling":3,"minecraft:furnace":1,"minecraft:cooked_beef":17,"simpledrills:iron_drill":89,"minecraft:cooked_mutton":8,"minecraft:water_bucket":8,"minecraft:leather_leggings":1,"minecraft:diorite":5,"minecraft:stone_pickaxe":281,"cobblemon:monitor":1,"minecraft:oak_planks":16,"minecraft:brown_mushroom":7,"minecraft:wooden_pickaxe":22,"minecraft:leather_chestplate":1,"minecraft:leather_boots":1,"minecraft:stonecutter":1,"create:polished_cut_andesite":145,"minecraft:crafting_table":2,"minecraft:white_bed":1,"minecraft:campfire":1,"justhammers:iron_hammer":94,"minecraft:oak_log":26,"minecraft:lever":1,"minecraft:cornflower":19,"minecraft:apple":1,"create:mechanical_press":1,"minecraft:zombie_head":1,"minecraft:iron_pickaxe":123,"create:water_wheel":2,"minecraft:leather_helmet":1,"create:andesite_casing":4,"minecraft:golden_leggings":2,"minecraft:stone_axe":10,"minecraft:cobblestone":228,"create:andesite_scaffolding":6,"minecraft:bucket":8,"create:vertical_gearbox":1,"minecraft:golden_pickaxe":11},"minecraft:mined":{"minecraft:white_bed":1,"create:millstone":1,"minecraft:oak_sapling":1,"create:andesite_scaffolding":1,"minecraft:oak_door":2,"create:andesite_casing":28,"create:brass_door":3,"cobblemon:big_root":13,"minecraft:glow_lichen":1,"minecraft:ladder":4,"minecraft:granite":26,"minecraft:grass_block":57,"create:depot":1,"minecraft:polished_diorite":1,"minecraft:spruce_leaves":2,"minecraft:crimson_stem":3,"create:shaft":5,"minecraft:oak_trapdoor":1,"minecraft:iron_ore":19,"minecraft:fire":5,"minecraft:andesite":175,"minecraft:dirt_path":2,"cobblemon:nether_fire_stone_ore":4,"create:polished_cut_andesite":7,"minecraft:stone":222,"create:cogwheel":5,"minecraft:brown_mushroom":7,"minecraft:glass_pane":2,"minecraft:dandelion":5,"minecraft:spruce_door":3,"minecraft:powder_snow":3,"minecraft:cornflower":27,"cobblemon:blue_mint":3,"minecraft:torch":5,"minecraft:emerald_ore":1,"minecraft:poppy":1,"minecraft:chest":2,"minecraft:nether_quartz_ore":14,"minecraft:campfire":1,"minecraft:copper_ore":5,"minecraft:tall_grass":18,"cobblemon:energy_root":3,"cobblemon:cyan_mint":1,"minecraft:cobblestone":2,"minecraft:lapis_ore":5,"minecraft:wall_torch":2,"minecraft:diorite":11,"minecraft:seagrass":1,"cobgyms:nether_ancient_relic":1,"cobblemon:green_mint":3,"minecraft:ice":2,"minecraft:lilac":1,"minecraft:grass":137,"minecraft:coal_ore":21,"minecraft:oak_log":96,"cobblemon:white_mint":3,"cobblemon:thunder_stone_ore":1,"minecraft:dirt":80,"minecraft:netherrack":7,"minecraft:oak_leaves":33,"minecraft:fern":2},"minecraft:picked_up":{"minecraft:charcoal":2,"cobblemon:remedy":2,"cobblemon:green_mint_leaf":3,"minecraft:ladder":4,"cobblemon:blue_mint_leaf":3,"cobblemon:yellow_apricorn":10,"cobblemon:red_apricorn":1,"minecraft:brown_mushroom":7,"minecraft:lead":7,"minecraft:golden_sword":1,"cobblemon:cyan_mint_seeds":1,"minecraft:cornflower":27,"minecraft:oak_trapdoor":1,"minecraft:raw_copper":96,"cobblemon:white_mint_leaf":4,"cobblemon:white_apricorn":17,"minecraft:zombie_head":1,"cobblemon:muscle_band":1,"cobblemon:ice_heal":2,"minecraft:diamond_leggings":1,"cobblemon:green_apricorn":4,"cobblemon:white_apricorn_seed":1,"minecraft:beef":2,"cobblemon:relic_coin":1246,"minecraft:poppy":2,"cobblemon:big_root":13,"cobblemon:quick_ball":11,"cobblemon:green_apricorn_seed":2,"minecraft:phantom_membrane":2,"minecraft:stick":5,"minecraft:raw_iron":19,"minecraft:oak_door":2,"minecraft:torch":9,"create:andesite_casing":28,"cobblemon:white_mint_seeds":3,"minecraft:diorite":24,"minecraft:arrow":2,"minecraft:rotten_flesh":16,"minecraft:honey_bottle":1,"minecraft:diamond_chestplate":1,"cobblemon:revive":1,"minecraft:diamond_boots":1,"create:depot":1,"minecraft:gold_ingot":45,"cobblemon:green_mint_seeds":3,"minecraft:obsidian":1,"cobblemon:blue_apricorn":29,"minecraft:cobblestone":906,"minecraft:cooked_beef":2,"minecraft:lilac":1,"minecraft:crimson_stem":3,"minecraft:andesite":404,"minecraft:leather":2,"minecraft:golden_leggings":1,"minecraft:oak_log":106,"minecraft:gunpowder":5,"minecraft:lapis_lazuli":33,"megamons:anistarite_geode_block":57,"minecraft:dirt":179,"cobblemon:pink_apricorn_seed":1,"cobblemon:heal_ball":2,"cobblemon:paralyze_heal":2,"minecraft:cooked_mutton":8,"minecraft:bone":2,"minecraft:apple":1,"minecraft:bow":1,"minecraft:wheat_seeds":31,"create:brass_door":3,"cobblemon:potion":2,"minecraft:iron_ingot":145,"cobblemon:thunder_stone":1,"create:shaft":5,"minecraft:diamond_helmet":1,"minecraft:glass_bottle":5,"create:polished_cut_andesite":12,"minecraft:oak_planks":6,"cobbledex:cobbledex_item":2,"patchouli:guide_book":1,"cobgyms:gym_key":3,"create:cogwheel":5,"minecraft:quartz":14,"minecraft:dandelion":5,"cobblemon:blue_apricorn_seed":2,"cobblemon:fire_stone":4,"cobblemon:yellow_apricorn_seed":1,"cobblemon:pink_apricorn":6,"minecraft:white_bed":1,"minecraft:grass_block":1,"cobgyms:lesser_shard":10,"create:andesite_scaffolding":1,"create:millstone":1,"minecraft:diamond":10,"cobblemon:poke_ball":5,"minecraft:polished_diorite":1,"minecraft:iron_helmet":1,"minecraft:granite":45,"minecraft:emerald":1,"minecraft:oak_sapling":7,"minecraft:netherrack":305,"minecraft:coal":53,"cobblemon:energy_root":3}},"DataVersion":3465}