{"stats":{"minecraft:killed_by":{"minecraft:player":2},"minecraft:custom":{"minecraft:interact_with_crafting_table":25,"minecraft:open_barrel":1,"minecraft:open_shulker_box":1,"minecraft:leave_game":18,"minecraft:time_since_death":226,"minecraft:sprint_one_cm":1647662,"minecraft:drop":603,"minecraft:play_time":1116180,"minecraft:deaths":13,"minecraft:jump":10855,"minecraft:walk_on_water_one_cm":7122,"minecraft:interact_with_furnace":5,"minecraft:sleep_in_bed":5,"minecraft:open_enderchest":2,"minecraft:damage_dealt":28955,"minecraft:player_kills":23,"minecraft:crouch_one_cm":39627,"minecraft:interact_with_smoker":3,"minecraft:mob_kills":199,"minecraft:interact_with_anvil":5,"minecraft:climb_one_cm":11417,"minecraft:walk_one_cm":1452406,"minecraft:sneak_time":13051,"minecraft:walk_under_water_one_cm":2806,"minecraft:boat_one_cm":45900,"minecraft:interact_with_blast_furnace":14,"minecraft:total_world_time":1116180,"minecraft:tune_noteblock":1,"minecraft:interact_with_stonecutter":1,"minecraft:time_since_rest":250,"minecraft:damage_taken":5638,"minecraft:damage_absorbed":20,"minecraft:swim_one_cm":6944,"minecraft:fly_one_cm":5036848,"minecraft:open_chest":334,"minecraft:fall_one_cm":228333},"minecraft:broken":{"minecraft:iron_pickaxe":1},"minecraft:crafted":{"minecraft:oak_planks":560,"cobgyms:lesser_cache":1,"cobgyms:adept_cache":1,"minecraft:diamond_helmet":2,"minecraft:diamond_leggings":2,"minecraft:chest":4,"minecraft:oak_button":7,"minecraft:crafting_table":5,"minecraft:wooden_pickaxe":1,"megamons:key_stone":1,"simpledrills:diamond_drill":1,"minecraft:stick":16,"minecraft:iron_ingot":8,"megamons:cut_scizorite":1,"minecraft:diamond_block":1,"megamons:mega_cuff":1,"minecraft:stone_pickaxe":1,"minecraft:diamond_boots":2,"minecraft:iron_sword":1,"cobgyms:lesser_shard":24,"minecraft:bucket":1,"minecraft:stone_axe":1,"minecraft:air":0,"minecraft:wooden_axe":2,"minecraft:oak_stairs":52,"cobgyms:lesser_cache_shiny":1,"minecraft:diamond_chestplate":2},"minecraft:killed":{"minecraft:spider":6,"minecraft:skeleton":12,"minecraft:silverfish":2,"minecraft:creeper":6,"minecraft:sheep":2,"minecraft:pillager":3,"minecraft:zombie":8,"minecraft:slime":3,"cobblemon:pokemon":153},"minecraft:dropped":{"pokecraftv:pico_arcangel":2,"minecraft:iron_sword":4,"minecraft:oak_log":2,"cobblemon:red_apricorn_seed":1,"minecraft:diamond":10,"minecraft:crafting_table":2,"cobblemon:verdant_ball":2,"cobblemon:luxury_ball":3,"create:large_water_wheel":1,"minecraft:leather_helmet":1,"minecraft:item_frame":64,"minecraft:flint":2,"minecraft:dirt":10,"cobblemon:relic_coin_sack":8,"cobblemon:slate_ball":1,"cobblemon:poke_ball":2,"cobblemon:repeat_ball":3,"minecraft:cornflower":60,"minecraft:mutton":3,"minecraft:amethyst_shard":186,"minecraft:iron_pickaxe":1,"cobblemon:great_ball":1,"minecraft:white_wool":2,"cobblemon:ultra_ball":1,"minecraft:bone":7,"minecraft:gravel":1,"minecraft:stone_axe":1,"cobblemon:dive_ball":3,"cobblemon:ancient_citrine_ball":1,"minecraft:cobbled_deepslate":966,"cobblemon:park_ball":3,"cobblemon:friend_ball":2,"cobblemon:display_case":1,"minecraft:rotten_flesh":14,"cobblemon:dusk_ball":1,"minecraft:oak_planks":8,"cobblemon:nest_ball":1,"minecraft:cooked_mutton":10,"cobblemon:moon_ball":2,"justhammers:iron_hammer":1,"cobblemon:ancient_heavy_ball":1,"cobblemon:white_mint_leaf":9,"cobblemon:cyan_mint_seeds":7,"minecraft:leather_chestplate":1,"justhammers:stone_hammer":1,"cobblemon:ancient_roseate_ball":1,"minecraft:gunpowder":1,"cobblemon:dream_ball":1,"minecraft:skeleton_skull":1,"minecraft:oak_wood":1,"cobblemon:heal_ball":3,"minecraft:leather_boots":1,"minecraft:chest":10,"minecraft:leather_leggings":1,"minecraft:spruce_slab":1,"cobblemon:safari_ball":1,"minecraft:arrow":10,"cobblemon:citrine_ball":3,"minecraft:quartz":6,"cobblemon:cherish_ball":1,"minecraft:netherrack":609,"cobblemon:beast_ball":1,"minecraft:iron_ingot":64,"minecraft:wheat_seeds":50,"minecraft:diamond_leggings":2,"minecraft:golden_axe":1,"minecraft:cobblestone":3845,"cobblemon:ancient_azure_ball":1,"cobblemon:ancient_ultra_ball":1,"minecraft:granite":40,"cobblemon:ancient_wing_ball":1,"cobblemon:roseate_ball":1,"cobblemon:fast_ball":3,"minecraft:grass_block":2,"pokecraftv:hacha_arcangel":2,"minecraft:coal":40,"minecraft:stick":6,"cobblemon:ancient_ivory_ball":1,"minecraft:diorite":70,"cobblemon:white_mint_seeds":3,"minecraft:wooden_axe":2,"minecraft:zombie_head":1,"minecraft:diamond_helmet":2,"minecraft:oak_stairs":2,"cobblemon:sport_ball":3,"cobblemon:level_ball":3,"cobblemon:heavy_ball":3,"minecraft:string":7,"minecraft:tripwire_hook":6,"cobblemon:ancient_leaden_ball":1,"minecraft:smooth_basalt":28,"minecraft:dandelion":1,"cobblemon:relic_coin":140,"cobblemon:net_ball":3,"minecraft:sweet_berries":2,"minecraft:player_head":1,"minecraft:cobblestone_wall":1,"minecraft:raw_copper":5,"cobblemon:azure_ball":2,"minecraft:tuff":37,"minecraft:raw_iron":18,"cobblemon:ancient_origin_ball":1,"cobblemon:quick_ball":13,"cobblemon:premier_ball":1,"simpledrills:diamond_drill":1,"megamons:anistarite_geode_block":421,"cobblemon:lure_ball":3,"cobblemon:timer_ball":1,"minecraft:oak_button":7,"minecraft:diamond_chestplate":2,"cobblemon:healing_machine":1,"minecraft:andesite":130,"minecraft:golden_leggings":1,"minecraft:oak_boat":1,"minecraft:oak_sapling":17,"minecraft:spider_eye":5,"minecraft:diamond_boots":2,"cobblemon:love_ball":2,"create:brass_door":1,"minecraft:wooden_pickaxe":3,"minecraft:calcite":41},"minecraft:used":{"create:deployer":8,"megamons:anistarite_rough_geode_block":1,"minecraft:spruce_slab":31,"minecraft:oak_sign":21,"create:portable_storage_interface":6,"minecraft:chest":48,"minecraft:stone":7,"minecraft:iron_sword":229,"cobblemon:red_mint_seeds":20,"minecraft:player_head":4,"create:mechanical_bearing":11,"cobblemon:gilded_chest":9,"minecraft:obsidian":32,"minecraft:glass":65,"minecraft:grass_block":536,"simpledrills:diamond_drill":2,"immersive_paintings:glow_graffiti":11,"minecraft:stone_brick_stairs":1,"cobblemon:gimmighoul_chest":105,"minecraft:item_frame":4,"minecraft:repeater":3,"minecraft:redstone_lamp":1,"minecraft:scaffolding":26,"minecraft:furnace":3,"minecraft:skeleton_skull":2,"simpledrills:sculk_drill":5,"cobblemon:blue_mint_seeds":14,"minecraft:damaged_anvil":4,"simpledrills:multi_drill":5,"minecraft:spruce_door":13,"minecraft:oak_planks":151,"minecraft:stone_pickaxe":10,"minecraft:wooden_pickaxe":3,"cobblemon:pink_mint_seeds":18,"pokecraftv:pico_arcangel":4,"create:mechanical_saw":4,"minecraft:golden_apple":1,"minecraft:blast_furnace":5,"cobblemon:yellow_apricorn_seed":1,"minecraft:blue_ice":3,"megamons:anistarite_geode_block":7,"minecraft:note_block":1,"immersive_paintings:graffiti":1,"cobblemon:white_apricorn":9,"cobblemon:green_apricorn":7,"cobblemon:green_apricorn_seed":2,"cobblemon:white_gilded_chest":1,"minecraft:barrier":1,"cobgyms:nether_ancient_relic":1,"cobblemon:red_apricorn_seed":1,"minecraft:chest_minecart":3,"minecraft:oak_boat":1,"minecraft:coarse_dirt":2,"minecraft:bone_meal":46,"pokecraftv:arcangel_sword":43,"minecraft:netherite_sword":22,"create:brass_door":2,"minecraft:flint_and_steel":14,"minecraft:redstone":1,"minecraft:spruce_planks":3,"cobgyms:lesser_shard_block":2,"minecraft:ender_chest":1,"cobblemon:green_mint_seeds":10,"minecraft:netherrack":31,"minecraft:oak_door":2,"minecraft:torch":168,"cobblemon:pasture":1,"cobgyms:gym_entrance_woodland":2,"minecraft:brewing_stand":1,"minecraft:dirt":73,"cobblemon:yellow_gilded_chest":1,"minecraft:anvil":2,"create:andesite_door":1,"cobblemon:yellow_apricorn":8,"minecraft:spruce_stairs":2,"minecraft:cobblestone_wall":1,"minecraft:oak_wood":78,"minecraft:spruce_fence":3,"create:chute":3,"minecraft:wooden_axe":1,"cobblemon:cyan_mint_seeds":5,"immersive_paintings:painting":2,"create:wrench":7,"minecraft:iron_axe":269,"minecraft:oak_stairs":191,"cobblemon:pink_apricorn_seed":1,"create:horizontal_framed_glass":2,"cobblemon:pc":5,"create:radial_chassis":11,"minecraft:cooked_beef":16,"cobblemon:white_mint_seeds":9,"simpledrills:iron_drill":12,"minecraft:cooked_mutton":53,"minecraft:water_bucket":8,"minecraft:birch_planks":1,"create:train_door":1,"justhammers:diamond_impact_hammer":11,"minecraft:rail":5,"justhammers:diamond_hammer":12,"minecraft:oak_slab":25,"minecraft:crafting_table":6,"cobblemon:white_apricorn_seed":1,"minecraft:white_bed":8,"cobblemon:healing_machine":8,"minecraft:spruce_log":1,"minecraft:smoker":5,"justhammers:iron_hammer":82,"minecraft:oak_log":22,"minecraft:piston":1,"minecraft:diamond_pickaxe":7,"minecraft:cornflower":1,"create:windmill_bearing":1,"minecraft:oak_button":1,"minecraft:iron_pickaxe":3277,"create:water_wheel":1,"cobblemon:blue_apricorn":27,"minecraft:spruce_trapdoor":5,"create:large_water_wheel":6,"justhammers:stone_hammer":1565,"minecraft:stone_axe":30,"minecraft:cobblestone":921,"minecraft:white_banner":11,"minecraft:bucket":1,"minecraft:glass_pane":1,"minecraft:diamond_leggings":2,"cobblemon:blue_apricorn_seed":2},"minecraft:mined":{"create:deepslate_zinc_ore":2,"minecraft:white_bed":6,"minecraft:oak_sapling":2,"cobblemon:pc":1,"minecraft:brewing_stand":1,"minecraft:obsidian":1,"minecraft:spruce_trapdoor":4,"minecraft:granite":1,"minecraft:budding_amethyst":12,"minecraft:grass_block":19,"minecraft:magma_block":9,"minecraft:iron_ore":4,"minecraft:fire":2,"minecraft:anvil":1,"minecraft:oak_stairs":10,"minecraft:spruce_slab":1,"minecraft:deepslate_redstone_ore":38,"megamons:anistarite_geode_block":256,"minecraft:blackstone":4,"minecraft:smoker":2,"minecraft:amethyst_cluster":1,"minecraft:torch":19,"cobblemon:blue_mint":9,"cobblemon:apricorn_leaves":7,"minecraft:blast_furnace":2,"minecraft:calcite":76,"minecraft:chest":9,"create:scoria":32,"minecraft:nether_quartz_ore":52,"minecraft:cobblestone":130,"minecraft:oak_planks":14,"minecraft:amethyst_block":127,"minecraft:seagrass":3,"cobblemon:red_mint":20,"cobblemon:green_mint":6,"minecraft:grass":153,"minecraft:oak_log":76,"cobblemon:white_mint":9,"minecraft:dirt":9,"minecraft:smooth_basalt":16,"minecraft:netherrack":205,"minecraft:oak_leaves":43,"minecraft:deepslate":1202,"cobblemon:healing_machine":1,"minecraft:infested_deepslate":1,"create:zinc_ore":6,"minecraft:tuff":211,"minecraft:deepslate_diamond_ore":145,"megamons:scizorite_crystal_ore":1,"cobblemon:pink_mint":16,"minecraft:andesite":15,"minecraft:deepslate_iron_ore":1,"create:polished_cut_andesite":5,"minecraft:stone":595,"megamons:anistarite_rough_geode_block":95,"minecraft:oak_slab":4,"minecraft:dandelion":2,"minecraft:crafting_table":2,"minecraft:cornflower":34,"cobblemon:cyan_mint":9,"minecraft:tall_grass":51,"minecraft:birch_leaves":6,"minecraft:coal_ore":23,"megamons:crystal_sun_stone_ore":1,"minecraft:gravel":2,"minecraft:fern":4},"minecraft:picked_up":{"minecraft:wooden_axe":2,"cobblemon:timer_ball":1,"cobblemon:red_apricorn":2,"cobblemon:sport_ball":3,"cobblemon:ancient_heavy_ball":1,"minecraft:oak_stairs":11,"cobblemon:ancient_ivory_ball":1,"minecraft:brewing_stand":1,"minecraft:string":8,"minecraft:raw_copper":96,"minecraft:zombie_head":1,"minecraft:diamond_leggings":4,"minecraft:cobbled_deepslate":630,"cobblemon:white_apricorn_seed":4,"minecraft:red_dye":1,"minecraft:iron_pickaxe":1,"cobblemon:quick_ball":4,"cobblemon:ancient_citrine_ball":1,"cobblemon:net_ball":3,"simpledrills:diamond_drill":1,"minecraft:torch":1,"cobblemon:nanab_berry":19,"cobblemon:white_mint_seeds":3,"cobblemon:dive_ball":2,"minecraft:diorite":60,"minecraft:rotten_flesh":14,"cobblemon:heavy_ball":2,"cobblemon:green_mint_seeds":3,"cobblemon:repeat_ball":2,"cobblemon:verdant_ball":2,"cobblemon:level_ball":2,"minecraft:cobblestone":5814,"minecraft:leather_chestplate":1,"cobblemon:great_ball":1,"cobblemon:ultra_ball":1,"minecraft:andesite":267,"minecraft:golden_leggings":1,"cobblemon:roseate_ball":1,"cobblemon:ancient_ultra_ball":1,"create:raw_zinc":9,"minecraft:flint":2,"cobblemon:ancient_roseate_ball":1,"minecraft:tuff":32,"cobblemon:bluk_berry":18,"megamons:anistarite_geode_block":364,"minecraft:dirt":14,"cobblemon:luxury_ball":2,"minecraft:leather_boots":1,"minecraft:bone":22,"cobblemon:moon_ball":2,"minecraft:wheat_seeds":30,"cobblemon:thunder_stone":1,"minecraft:diamond_helmet":4,"cobgyms:lesser_shard_block":1,"create:polished_cut_andesite":5,"minecraft:oak_planks":10,"cobblemon:beast_ball":1,"immersive_paintings:glow_graffiti":2,"cobblemon:fast_ball":2,"justhammers:iron_hammer":1,"cobblemon:healing_machine":1,"minecraft:diamond":31,"cobblemon:poke_ball":3,"minecraft:granite":33,"minecraft:golden_apple":1,"cobblemon:ancient_azure_ball":1,"cobblemon:dream_ball":1,"minecraft:oak_sapling":24,"minecraft:netherrack":597,"cobblemon:cherish_ball":1,"cobblemon:green_mint_leaf":3,"minecraft:crafting_table":3,"minecraft:leather_leggings":1,"cobblemon:yellow_apricorn":6,"minecraft:chest_minecart":2,"cobblemon:blue_mint_leaf":6,"minecraft:wooden_pickaxe":2,"cobblemon:ancient_origin_ball":1,"cobblemon:cyan_mint_seeds":1,"minecraft:cornflower":33,"pokecraftv:pico_arcangel":2,"cobblemon:white_mint_leaf":15,"minecraft:item_frame":131,"cobblemon:white_apricorn":19,"cobblemon:display_case":2,"cobblemon:green_apricorn":16,"cobblemon:relic_coin":5085,"minecraft:oak_boat":1,"minecraft:player_head":3,"minecraft:chest":9,"cobblemon:green_apricorn_seed":1,"minecraft:raw_iron":20,"cobblemon:love_ball":2,"cobblemon:park_ball":2,"cobblemon:citrine_ball":3,"minecraft:redstone":30,"cobblemon:ancient_wing_ball":1,"cobblemon:blue_mint_seeds":3,"cobblemon:ancient_leaden_ball":1,"minecraft:arrow":25,"minecraft:diamond_chestplate":3,"minecraft:diamond_boots":3,"minecraft:rail":1,"cobblemon:friend_ball":2,"minecraft:mutton":5,"cobblemon:blue_apricorn":59,"minecraft:skeleton_skull":3,"minecraft:white_wool":4,"minecraft:tripwire_hook":3,"cobblemon:relic_coin_sack":1,"cobblemon:lure_ball":2,"pokecraftv:hacha_arcangel":2,"cobblemon:slate_ball":1,"minecraft:oak_log":58,"minecraft:gunpowder":2,"minecraft:white_banner":6,"cobblemon:pink_apricorn_seed":2,"cobblemon:heal_ball":2,"minecraft:cooked_mutton":2,"minecraft:stone_pickaxe":1,"minecraft:iron_ingot":4,"create:brass_door":1,"cobblemon:nest_ball":1,"minecraft:iron_sword":3,"cobblemon:chilan_berry":18,"cobblemon:azure_ball":2,"cobblemon:red_apricorn_seed":1,"minecraft:oak_slab":4,"minecraft:smooth_basalt":10,"create:large_water_wheel":1,"minecraft:sweet_berries":2,"cobblemon:safari_ball":1,"minecraft:quartz":12,"minecraft:dandelion":1,"cobblemon:blue_apricorn_seed":5,"cobblemon:dusk_ball":1,"minecraft:gravel":3,"cobblemon:premier_ball":1,"cobblemon:yellow_apricorn_seed":1,"minecraft:amethyst_shard":519,"justhammers:stone_hammer":1,"cobblemon:pink_apricorn":15,"minecraft:white_bed":1,"minecraft:spider_eye":5,"minecraft:leather_helmet":1,"minecraft:oak_wood":1,"minecraft:slime_ball":2,"minecraft:stone_axe":1,"minecraft:oak_button":14,"minecraft:coal":104}},"DataVersion":3465}