{"stats":{"minecraft:broken":{"minecraft:iron_pickaxe":1},"minecraft:crafted":{"minecraft:oak_planks":304,"cobgyms:lesser_cache":1,"cobgyms:adept_cache":1,"minecraft:diamond_helmet":2,"minecraft:diamond_leggings":2,"minecraft:chest":4,"minecraft:oak_button":7,"minecraft:crafting_table":5,"minecraft:wooden_pickaxe":1,"minecraft:stick":16,"minecraft:stone_pickaxe":1,"minecraft:diamond_boots":2,"minecraft:iron_sword":1,"cobgyms:lesser_shard":24,"minecraft:stone_axe":1,"minecraft:wooden_axe":2,"minecraft:oak_stairs":52,"cobgyms:lesser_cache_shiny":1,"minecraft:diamond_chestplate":2},"minecraft:custom":{"minecraft:interact_with_crafting_table":17,"minecraft:open_barrel":1,"minecraft:open_shulker_box":1,"minecraft:leave_game":18,"minecraft:time_since_death":21446,"minecraft:sprint_one_cm":1348206,"minecraft:drop":261,"minecraft:play_time":962894,"minecraft:deaths":8,"minecraft:jump":8652,"minecraft:walk_on_water_one_cm":5654,"minecraft:sleep_in_bed":4,"minecraft:open_enderchest":2,"minecraft:damage_dealt":24442,"minecraft:player_kills":21,"minecraft:crouch_one_cm":35170,"minecraft:mob_kills":162,"minecraft:interact_with_anvil":5,"minecraft:climb_one_cm":11349,"minecraft:walk_one_cm":1249275,"minecraft:sneak_time":11248,"minecraft:walk_under_water_one_cm":1915,"minecraft:boat_one_cm":45900,"minecraft:total_world_time":962894,"minecraft:tune_noteblock":1,"minecraft:time_since_rest":21500,"minecraft:damage_taken":4158,"minecraft:damage_absorbed":20,"minecraft:swim_one_cm":6192,"minecraft:fly_one_cm":4320283,"minecraft:open_chest":180,"minecraft:fall_one_cm":179525},"minecraft:killed_by":{"minecraft:player":1},"minecraft:killed":{"minecraft:spider":5,"minecraft:skeleton":12,"minecraft:silverfish":2,"minecraft:creeper":5,"minecraft:sheep":2,"minecraft:pillager":3,"minecraft:zombie":8,"minecraft:slime":3,"cobblemon:pokemon":118},"minecraft:mined":{"create:deepslate_zinc_ore":2,"minecraft:white_bed":6,"minecraft:oak_sapling":2,"minecraft:brewing_stand":1,"minecraft:budding_amethyst":12,"minecraft:grass_block":16,"minecraft:iron_ore":4,"minecraft:fire":2,"minecraft:oak_stairs":10,"minecraft:spruce_slab":1,"minecraft:deepslate_redstone_ore":38,"minecraft:amethyst_cluster":1,"minecraft:torch":1,"cobblemon:apricorn_leaves":7,"minecraft:calcite":76,"minecraft:chest":5,"minecraft:cobblestone":116,"minecraft:oak_planks":14,"minecraft:amethyst_block":127,"minecraft:seagrass":1,"cobblemon:red_mint":11,"minecraft:grass":141,"minecraft:oak_log":57,"cobblemon:white_mint":3,"minecraft:dirt":6,"minecraft:smooth_basalt":15,"minecraft:netherrack":49,"minecraft:oak_leaves":32,"minecraft:deepslate":1202,"minecraft:infested_deepslate":1,"minecraft:tuff":211,"minecraft:deepslate_diamond_ore":145,"cobblemon:pink_mint":8,"minecraft:deepslate_iron_ore":1,"create:polished_cut_andesite":5,"minecraft:stone":562,"minecraft:oak_slab":4,"minecraft:dandelion":2,"minecraft:crafting_table":2,"minecraft:cornflower":33,"minecraft:tall_grass":47,"minecraft:birch_leaves":6,"minecraft:coal_ore":23,"minecraft:gravel":1,"minecraft:fern":3},"minecraft:used":{"create:deployer":8,"minecraft:spruce_slab":31,"minecraft:oak_sign":21,"create:portable_storage_interface":6,"minecraft:chest":40,"minecraft:stone":7,"minecraft:iron_sword":229,"cobblemon:red_mint_seeds":11,"minecraft:player_head":4,"create:mechanical_bearing":11,"cobblemon:gilded_chest":9,"minecraft:obsidian":21,"minecraft:glass":65,"minecraft:grass_block":536,"immersive_paintings:glow_graffiti":11,"cobblemon:gimmighoul_chest":105,"minecraft:stone_brick_stairs":1,"minecraft:item_frame":4,"minecraft:repeater":3,"minecraft:redstone_lamp":1,"minecraft:scaffolding":26,"minecraft:skeleton_skull":2,"cobblemon:blue_mint_seeds":3,"minecraft:damaged_anvil":4,"minecraft:spruce_door":2,"minecraft:stone_pickaxe":10,"minecraft:oak_planks":143,"minecraft:wooden_pickaxe":3,"cobblemon:pink_mint_seeds":9,"pokecraftv:pico_arcangel":4,"create:mechanical_saw":4,"minecraft:golden_apple":1,"cobblemon:yellow_apricorn_seed":1,"minecraft:blue_ice":3,"minecraft:note_block":1,"immersive_paintings:graffiti":1,"cobblemon:white_apricorn":9,"cobblemon:green_apricorn":7,"cobblemon:green_apricorn_seed":2,"cobblemon:white_gilded_chest":1,"minecraft:barrier":1,"cobgyms:nether_ancient_relic":1,"cobblemon:red_apricorn_seed":1,"minecraft:chest_minecart":3,"minecraft:oak_boat":1,"minecraft:coarse_dirt":1,"minecraft:bone_meal":46,"pokecraftv:arcangel_sword":35,"minecraft:netherite_sword":11,"minecraft:flint_and_steel":13,"minecraft:redstone":1,"cobgyms:lesser_shard_block":2,"minecraft:ender_chest":1,"cobblemon:green_mint_seeds":3,"minecraft:netherrack":31,"minecraft:oak_door":2,"minecraft:torch":150,"cobblemon:pasture":1,"cobgyms:gym_entrance_woodland":2,"minecraft:brewing_stand":1,"cobblemon:yellow_gilded_chest":1,"minecraft:dirt":65,"minecraft:anvil":1,"cobblemon:yellow_apricorn":8,"minecraft:spruce_stairs":2,"minecraft:cobblestone_wall":1,"minecraft:oak_wood":78,"minecraft:spruce_fence":3,"create:chute":3,"minecraft:wooden_axe":1,"cobblemon:cyan_mint_seeds":1,"immersive_paintings:painting":2,"create:wrench":7,"minecraft:iron_axe":177,"minecraft:oak_stairs":176,"cobblemon:pink_apricorn_seed":1,"cobblemon:pc":2,"create:radial_chassis":11,"minecraft:cooked_beef":16,"cobblemon:white_mint_seeds":3,"simpledrills:iron_drill":12,"minecraft:cooked_mutton":40,"minecraft:water_bucket":8,"minecraft:birch_planks":1,"minecraft:rail":5,"justhammers:diamond_hammer":12,"minecraft:oak_slab":25,"minecraft:crafting_table":6,"minecraft:white_bed":8,"cobblemon:white_apricorn_seed":1,"cobblemon:healing_machine":6,"minecraft:spruce_log":1,"justhammers:iron_hammer":82,"minecraft:oak_log":3,"minecraft:piston":1,"minecraft:cornflower":1,"create:windmill_bearing":1,"minecraft:oak_button":1,"minecraft:iron_pickaxe":2600,"create:water_wheel":1,"cobblemon:blue_apricorn":27,"create:large_water_wheel":6,"justhammers:stone_hammer":1218,"minecraft:stone_axe":30,"minecraft:cobblestone":902,"minecraft:white_banner":11,"minecraft:glass_pane":1,"minecraft:diamond_leggings":2,"cobblemon:blue_apricorn_seed":2},"minecraft:dropped":{"pokecraftv:pico_arcangel":2,"minecraft:iron_sword":4,"minecraft:oak_log":1,"cobblemon:red_apricorn_seed":1,"minecraft:crafting_table":2,"cobblemon:verdant_ball":2,"cobblemon:luxury_ball":3,"create:large_water_wheel":1,"minecraft:leather_helmet":1,"minecraft:flint":1,"minecraft:dirt":7,"cobblemon:relic_coin_sack":8,"cobblemon:slate_ball":1,"cobblemon:repeat_ball":3,"cobblemon:poke_ball":2,"minecraft:cornflower":59,"minecraft:mutton":2,"minecraft:amethyst_shard":186,"minecraft:iron_pickaxe":1,"cobblemon:great_ball":1,"minecraft:white_wool":2,"cobblemon:ultra_ball":1,"minecraft:bone":7,"minecraft:stone_axe":1,"cobblemon:dive_ball":3,"cobblemon:ancient_citrine_ball":1,"minecraft:cobbled_deepslate":966,"cobblemon:park_ball":3,"cobblemon:friend_ball":2,"minecraft:rotten_flesh":14,"cobblemon:dusk_ball":1,"minecraft:oak_planks":7,"cobblemon:nest_ball":1,"minecraft:cooked_mutton":4,"cobblemon:moon_ball":2,"justhammers:iron_hammer":1,"cobblemon:ancient_heavy_ball":1,"cobblemon:white_mint_leaf":4,"minecraft:leather_chestplate":1,"justhammers:stone_hammer":1,"cobblemon:ancient_roseate_ball":1,"minecraft:gunpowder":1,"cobblemon:dream_ball":1,"minecraft:skeleton_skull":1,"cobblemon:heal_ball":3,"minecraft:leather_boots":1,"minecraft:chest":10,"minecraft:leather_leggings":1,"minecraft:spruce_slab":1,"cobblemon:safari_ball":1,"minecraft:arrow":10,"cobblemon:citrine_ball":3,"minecraft:netherrack":555,"cobblemon:cherish_ball":1,"minecraft:iron_ingot":32,"cobblemon:beast_ball":1,"minecraft:wheat_seeds":35,"minecraft:diamond_leggings":1,"minecraft:golden_axe":1,"minecraft:cobblestone":421,"cobblemon:ancient_azure_ball":1,"cobblemon:ancient_ultra_ball":1,"cobblemon:ancient_wing_ball":1,"cobblemon:roseate_ball":1,"minecraft:grass_block":2,"cobblemon:fast_ball":3,"pokecraftv:hacha_arcangel":2,"minecraft:coal":40,"minecraft:stick":5,"cobblemon:ancient_ivory_ball":1,"minecraft:diorite":70,"cobblemon:white_mint_seeds":3,"minecraft:wooden_axe":1,"minecraft:zombie_head":1,"minecraft:diamond_helmet":1,"minecraft:oak_stairs":1,"cobblemon:sport_ball":3,"cobblemon:level_ball":3,"cobblemon:heavy_ball":3,"minecraft:string":5,"minecraft:tripwire_hook":6,"cobblemon:ancient_leaden_ball":1,"minecraft:dandelion":1,"minecraft:smooth_basalt":27,"cobblemon:net_ball":3,"minecraft:sweet_berries":2,"minecraft:player_head":1,"minecraft:cobblestone_wall":1,"minecraft:raw_copper":5,"cobblemon:azure_ball":2,"minecraft:tuff":37,"minecraft:raw_iron":11,"cobblemon:ancient_origin_ball":1,"cobblemon:quick_ball":13,"cobblemon:premier_ball":1,"cobblemon:lure_ball":3,"cobblemon:timer_ball":1,"minecraft:diamond_chestplate":1,"minecraft:andesite":2,"minecraft:oak_sapling":8,"minecraft:golden_leggings":1,"minecraft:oak_boat":1,"minecraft:spider_eye":5,"minecraft:diamond_boots":1,"cobblemon:love_ball":2,"minecraft:wooden_pickaxe":2,"minecraft:calcite":41},"minecraft:picked_up":{"cobblemon:timer_ball":1,"cobblemon:red_apricorn":2,"cobblemon:sport_ball":3,"cobblemon:ancient_heavy_ball":1,"minecraft:oak_stairs":9,"cobblemon:ancient_ivory_ball":1,"minecraft:brewing_stand":1,"minecraft:string":6,"minecraft:raw_copper":73,"minecraft:zombie_head":1,"minecraft:diamond_leggings":2,"minecraft:cobbled_deepslate":630,"cobblemon:white_apricorn_seed":4,"minecraft:red_dye":1,"minecraft:iron_pickaxe":1,"cobblemon:quick_ball":4,"cobblemon:ancient_citrine_ball":1,"cobblemon:net_ball":3,"minecraft:torch":1,"cobblemon:nanab_berry":19,"cobblemon:white_mint_seeds":3,"cobblemon:dive_ball":2,"minecraft:diorite":60,"minecraft:rotten_flesh":14,"cobblemon:heavy_ball":2,"cobblemon:green_mint_seeds":3,"cobblemon:level_ball":2,"cobblemon:repeat_ball":2,"cobblemon:verdant_ball":2,"minecraft:cobblestone":4151,"minecraft:leather_chestplate":1,"cobblemon:great_ball":1,"cobblemon:ultra_ball":1,"minecraft:andesite":2,"minecraft:golden_leggings":1,"create:raw_zinc":9,"cobblemon:roseate_ball":1,"cobblemon:ancient_roseate_ball":1,"minecraft:flint":1,"cobblemon:ancient_ultra_ball":1,"minecraft:tuff":32,"cobblemon:bluk_berry":18,"minecraft:dirt":13,"cobblemon:luxury_ball":2,"minecraft:leather_boots":1,"minecraft:bone":22,"cobblemon:moon_ball":2,"minecraft:wheat_seeds":23,"cobblemon:thunder_stone":1,"minecraft:diamond_helmet":2,"cobgyms:lesser_shard_block":1,"create:polished_cut_andesite":5,"minecraft:oak_planks":9,"cobblemon:beast_ball":1,"immersive_paintings:glow_graffiti":2,"cobblemon:fast_ball":2,"justhammers:iron_hammer":1,"minecraft:diamond":31,"cobblemon:poke_ball":3,"minecraft:golden_apple":1,"cobblemon:ancient_azure_ball":1,"cobblemon:dream_ball":1,"minecraft:oak_sapling":24,"minecraft:netherrack":511,"cobblemon:cherish_ball":1,"cobblemon:green_mint_leaf":3,"minecraft:crafting_table":3,"minecraft:leather_leggings":1,"cobblemon:yellow_apricorn":6,"minecraft:chest_minecart":2,"cobblemon:blue_mint_leaf":6,"minecraft:wooden_pickaxe":1,"cobblemon:ancient_origin_ball":1,"cobblemon:cyan_mint_seeds":1,"minecraft:cornflower":32,"pokecraftv:pico_arcangel":2,"cobblemon:white_mint_leaf":5,"minecraft:item_frame":3,"cobblemon:white_apricorn":19,"cobblemon:green_apricorn":16,"cobblemon:relic_coin":3796,"minecraft:oak_boat":1,"minecraft:player_head":3,"minecraft:chest":5,"cobblemon:green_apricorn_seed":1,"minecraft:raw_iron":10,"cobblemon:love_ball":2,"cobblemon:park_ball":2,"cobblemon:citrine_ball":3,"minecraft:redstone":30,"cobblemon:ancient_wing_ball":1,"cobblemon:blue_mint_seeds":3,"cobblemon:ancient_leaden_ball":1,"minecraft:arrow":25,"minecraft:diamond_chestplate":2,"minecraft:diamond_boots":2,"minecraft:skeleton_skull":3,"cobblemon:friend_ball":2,"minecraft:mutton":3,"minecraft:white_wool":4,"cobblemon:blue_apricorn":59,"minecraft:rail":1,"minecraft:tripwire_hook":3,"cobblemon:relic_coin_sack":1,"cobblemon:lure_ball":2,"pokecraftv:hacha_arcangel":2,"cobblemon:slate_ball":1,"minecraft:oak_log":57,"minecraft:gunpowder":1,"minecraft:white_banner":6,"cobblemon:pink_apricorn_seed":2,"cobblemon:heal_ball":2,"minecraft:cooked_mutton":1,"minecraft:iron_ingot":2,"cobblemon:nest_ball":1,"minecraft:iron_sword":3,"cobblemon:chilan_berry":18,"minecraft:oak_slab":4,"cobblemon:red_apricorn_seed":1,"cobblemon:azure_ball":2,"minecraft:smooth_basalt":10,"create:large_water_wheel":1,"minecraft:sweet_berries":2,"cobblemon:safari_ball":1,"minecraft:quartz":2,"minecraft:dandelion":1,"cobblemon:blue_apricorn_seed":5,"cobblemon:dusk_ball":1,"minecraft:gravel":1,"cobblemon:premier_ball":1,"cobblemon:yellow_apricorn_seed":1,"minecraft:amethyst_shard":519,"justhammers:stone_hammer":1,"cobblemon:pink_apricorn":15,"minecraft:white_bed":1,"minecraft:leather_helmet":1,"minecraft:spider_eye":5,"minecraft:slime_ball":2,"minecraft:stone_axe":1,"minecraft:coal":83}},"DataVersion":3465}