{"stats":{"minecraft:custom":{"minecraft:jump":33,"minecraft:open_chest":7,"minecraft:time_since_rest":24687,"minecraft:damage_dealt":31,"minecraft:crouch_one_cm":664,"minecraft:leave_game":3,"minecraft:play_time":107439,"minecraft:sprint_one_cm":3487,"minecraft:deaths":1,"minecraft:time_since_death":24653,"minecraft:walk_one_cm":15808,"minecraft:sneak_time":1057,"minecraft:total_world_time":107439,"minecraft:fall_one_cm":211,"minecraft:fly_one_cm":565695},"minecraft:used":{"minecraft:spruce_planks":8,"cobblemon:yellow_gilded_chest":3,"minecraft:spruce_slab":45}},"DataVersion":3465}