{"stats":{"minecraft:custom":{"minecraft:jump":306,"minecraft:open_chest":7,"minecraft:time_since_rest":42537,"minecraft:damage_dealt":31,"minecraft:crouch_one_cm":1016,"minecraft:leave_game":3,"minecraft:play_time":125289,"minecraft:sprint_one_cm":26095,"minecraft:time_since_death":42503,"minecraft:walk_one_cm":29673,"minecraft:deaths":1,"minecraft:sneak_time":1369,"minecraft:total_world_time":125289,"minecraft:drop":3,"minecraft:fall_one_cm":211,"minecraft:fly_one_cm":653643},"minecraft:dropped":{"pokecraftv:arcangel_sword":3},"minecraft:picked_up":{"pokecraftv:arcangel_sword":2},"minecraft:used":{"minecraft:barrier":1,"minecraft:spruce_planks":8,"cobblemon:yellow_gilded_chest":5,"immersive_paintings:glow_graffiti":2,"cobblemon:green_gilded_chest":1,"minecraft:spruce_slab":51}},"DataVersion":3465}