{"stats":{"minecraft:custom":{"minecraft:time_since_rest":5389,"minecraft:sprint_one_cm":78423,"minecraft:damage_taken":290,"minecraft:walk_one_cm":81365,"minecraft:mob_kills":9,"minecraft:drop":12,"minecraft:damage_dealt":1971,"minecraft:fly_one_cm":914262,"minecraft:open_chest":8,"minecraft:crouch_one_cm":3222,"minecraft:play_time":230140,"minecraft:deaths":2,"minecraft:sneak_time":2884,"minecraft:jump":979,"minecraft:leave_game":7,"minecraft:time_since_death":5338,"minecraft:climb_one_cm":336,"minecraft:total_world_time":230140,"minecraft:fall_one_cm":6507},"minecraft:dropped":{"pokecraftv:arcangel_sword":7,"minecraft:oak_planks":1,"minecraft:spruce_slab":1,"pokecraftv:key":2,"minecraft:salmon":2},"minecraft:picked_up":{"minecraft:tripwire_hook":5,"minecraft:prismarine_shard":4,"minecraft:salmon":2,"immersive_paintings:glow_graffiti":1,"minecraft:oak_stairs":1,"pokecraftv:cofre_arcangel":1,"pokecraftv:hacha_arcangel":1,"minecraft:oak_log":1,"pokecraftv:arcangel_sword":8,"cobblemon:green_gilded_chest":1,"minecraft:polar_bear_spawn_egg":1,"pokecraftv:pico_arcangel":1,"minecraft:spruce_planks":1,"cobblemon:relic_coin":286,"minecraft:player_head":2,"minecraft:spruce_slab":2,"cobblemon:gimmighoul_chest":1,"pokecraftv:key":8,"minecraft:cod":5},"minecraft:used":{"minecraft:oak_log":10,"pokecraftv:cofre_arcangel":27,"cobblemon:green_gilded_chest":1,"minecraft:oak_stairs":12,"minecraft:spruce_slab":84,"minecraft:barrier":1,"minecraft:oak_planks":7,"minecraft:spruce_planks":8,"immersive_paintings:glow_graffiti":2,"minecraft:player_head":1,"cobblemon:yellow_gilded_chest":5,"minecraft:guardian_spawn_egg":1,"minecraft:spruce_stairs":9,"minecraft:camel_spawn_egg":2,"minecraft:polar_bear_spawn_egg":2,"pokecraftv:arcangel_sword":21},"minecraft:killed":{"minecraft:guardian":1,"cobblemon:pokemon":4,"minecraft:camel":2,"minecraft:polar_bear":2}},"DataVersion":3465}