{"stats":{"minecraft:custom":{"minecraft:time_since_rest":60537,"minecraft:open_chest":7,"minecraft:crouch_one_cm":1346,"minecraft:sprint_one_cm":36824,"minecraft:play_time":143289,"minecraft:deaths":1,"minecraft:walk_one_cm":41566,"minecraft:sneak_time":1470,"minecraft:mob_kills":5,"minecraft:drop":8,"minecraft:jump":405,"minecraft:damage_dealt":1571,"minecraft:leave_game":3,"minecraft:time_since_death":60503,"minecraft:climb_one_cm":37,"minecraft:total_world_time":143289,"minecraft:fall_one_cm":211,"minecraft:fly_one_cm":703545},"minecraft:dropped":{"pokecraftv:arcangel_sword":7,"minecraft:salmon":2},"minecraft:picked_up":{"minecraft:prismarine_shard":4,"minecraft:salmon":2,"minecraft:player_head":1,"pokecraftv:arcangel_sword":7,"minecraft:cod":5},"minecraft:used":{"cobblemon:yellow_gilded_chest":5,"minecraft:guardian_spawn_egg":1,"cobblemon:green_gilded_chest":1,"minecraft:spruce_slab":51,"minecraft:barrier":1,"minecraft:camel_spawn_egg":2,"minecraft:spruce_planks":8,"minecraft:polar_bear_spawn_egg":2,"pokecraftv:arcangel_sword":17,"immersive_paintings:glow_graffiti":2,"minecraft:player_head":1},"minecraft:killed":{"minecraft:guardian":1,"minecraft:camel":2,"minecraft:polar_bear":2}},"DataVersion":3465}