{"stats":{"minecraft:killed":{"minecraft:guardian":1,"minecraft:camel":2,"minecraft:polar_bear":2},"minecraft:picked_up":{"minecraft:prismarine_shard":4,"minecraft:salmon":2,"minecraft:player_head":1,"pokecraftv:arcangel_sword":7,"minecraft:cod":5},"minecraft:used":{"cobblemon:yellow_gilded_chest":5,"minecraft:guardian_spawn_egg":1,"pokecraftv:cofre_arcangel":21,"cobblemon:green_gilded_chest":1,"minecraft:oak_stairs":12,"minecraft:spruce_slab":66,"minecraft:spruce_stairs":9,"minecraft:barrier":1,"minecraft:oak_planks":7,"minecraft:camel_spawn_egg":2,"minecraft:spruce_planks":8,"minecraft:polar_bear_spawn_egg":2,"pokecraftv:arcangel_sword":17,"immersive_paintings:glow_graffiti":2,"minecraft:player_head":1},"minecraft:dropped":{"minecraft:oak_planks":1,"minecraft:spruce_slab":1,"pokecraftv:arcangel_sword":7,"minecraft:salmon":2},"minecraft:custom":{"minecraft:time_since_rest":79504,"minecraft:open_chest":7,"minecraft:crouch_one_cm":2835,"minecraft:damage_taken":110,"minecraft:play_time":162256,"minecraft:sprint_one_cm":48188,"minecraft:deaths":1,"minecraft:walk_one_cm":54588,"minecraft:sneak_time":2508,"minecraft:mob_kills":5,"minecraft:drop":10,"minecraft:jump":536,"minecraft:damage_dealt":1571,"minecraft:leave_game":5,"minecraft:time_since_death":79470,"minecraft:climb_one_cm":37,"minecraft:total_world_time":162256,"minecraft:fall_one_cm":211,"minecraft:fly_one_cm":800103}},"DataVersion":3465}