{"stats":{"minecraft:custom":{"minecraft:time_since_rest":69869,"minecraft:open_chest":7,"minecraft:crouch_one_cm":1515,"minecraft:sprint_one_cm":46013,"minecraft:play_time":152621,"minecraft:deaths":1,"minecraft:walk_one_cm":49427,"minecraft:sneak_time":1676,"minecraft:mob_kills":5,"minecraft:drop":10,"minecraft:jump":504,"minecraft:damage_dealt":1571,"minecraft:leave_game":4,"minecraft:time_since_death":69835,"minecraft:climb_one_cm":37,"minecraft:total_world_time":152621,"minecraft:fall_one_cm":211,"minecraft:fly_one_cm":766546},"minecraft:picked_up":{"minecraft:prismarine_shard":4,"minecraft:salmon":2,"minecraft:player_head":1,"pokecraftv:arcangel_sword":7,"minecraft:cod":5},"minecraft:dropped":{"minecraft:oak_planks":1,"minecraft:spruce_slab":1,"pokecraftv:arcangel_sword":7,"minecraft:salmon":2},"minecraft:used":{"cobblemon:yellow_gilded_chest":5,"minecraft:guardian_spawn_egg":1,"cobblemon:green_gilded_chest":1,"minecraft:oak_stairs":12,"minecraft:spruce_slab":58,"minecraft:spruce_stairs":9,"minecraft:barrier":1,"minecraft:oak_planks":7,"minecraft:camel_spawn_egg":2,"minecraft:spruce_planks":8,"minecraft:polar_bear_spawn_egg":2,"pokecraftv:arcangel_sword":17,"immersive_paintings:glow_graffiti":2,"minecraft:player_head":1},"minecraft:killed":{"minecraft:guardian":1,"minecraft:camel":2,"minecraft:polar_bear":2}},"DataVersion":3465}