{"stats":{"minecraft:custom":{"minecraft:jump":121,"minecraft:open_chest":7,"minecraft:time_since_rest":30537,"minecraft:damage_dealt":31,"minecraft:crouch_one_cm":769,"minecraft:leave_game":3,"minecraft:play_time":113289,"minecraft:sprint_one_cm":11003,"minecraft:time_since_death":30503,"minecraft:walk_one_cm":21006,"minecraft:deaths":1,"minecraft:sneak_time":1099,"minecraft:total_world_time":113289,"minecraft:drop":1,"minecraft:fall_one_cm":211,"minecraft:fly_one_cm":591524},"minecraft:dropped":{"pokecraftv:arcangel_sword":1},"minecraft:picked_up":{"pokecraftv:arcangel_sword":1},"minecraft:used":{"minecraft:spruce_planks":8,"cobblemon:yellow_gilded_chest":3,"minecraft:spruce_slab":45}},"DataVersion":3465}