{
  "Special message": "Now this is an Avengers threat level...",
  "Locale": "en_us",
  "HeadsPlus version": "7.1.5",
  "Date": "10/25/2024 19:11:25",
  "Has Vault hooked": false,
  "Other Plugins": [
    "LuckPerms-5.4.131 (1.13)",
    "SimplePlayerWarps-1.1.1 (1.19)",
    "JustTPA-v20240824-beta (1.19)",
    "Essentials-2.20.1 (1.13)",
    "PlaceholderAPI-2.11.6 (1.13)",
    "SetSpawn-5.1 (1.17)",
    "nightcore-2.6.4 (1.18)",
    "HeadsPlus-7.1.5 (1.13)",
    "GoldenDupes-1.5.3 (1.15)",
    "Multiverse-Core-4.3.13 (1.13)",
    "zMenu-1.0.3.5 (1.13)",
    "ISpawn-3.9 (1.13)",
    "Shopkeepers-2.22.3 (1.16)",
    "AutoPickup-1.4.6-SNAPSHOT (1.13)",
    "Multiverse-Inventories-4.2.6 (1.13)",
    "FarmingPlus-1.1.1 (1.13)",
    "packetevents-2.5.0 (1.13)",
    "PlayerKits2-1.12.4 (1.13)",
    "SimpleClaimSystem-1.11.6.2 (1.18)",
    "sky_torch-1.0-SNAPSHOT (1.20)",
    "DecentHolograms-2.8.11 (1.13)",
    "SCore-5.24.10.18 (1.13)",
    "ExcellentCrates-5.3.3 (1.19)",
    "WolfyUtilities-4.17-beta.4 (1.16)",
    "ExecutableItems-7.24.10.18 (1.13)",
    "CustomCrafting-4.16.11 (1.16)",
    "ItemEdit-3.5.2 (1.13)"
  ],
  "Error Information": {
    "Exception": [
      "java.lang.NullPointerException: Cannot invoke \"io.github.thatsmusic99.headsplus.api.HPPlayer.addXp(long)\" because the return value of \"io.github.thatsmusic99.headsplus.api.HPPlayer.getHPPlayer(java.util.UUID)\" is null\n\tat io.github.thatsmusic99.headsplus.listeners.LeaderboardListeners$EntityDropHeadListener.onEvent(LeaderboardListeners.java:40)\n\tat io.github.thatsmusic99.headsplus.listeners.LeaderboardListeners$EntityDropHeadListener.onEvent(LeaderboardListeners.java:33)\n\tat io.github.thatsmusic99.headsplus.util.events.HeadsPlusEventExecutor.execute(HeadsPlusEventExecutor.java:37)\n\tat TRANSFORMER/arclight@1.20.1-1.0.5-1a8925b/org.bukkit.plugin.RegisteredListener.callEvent(RegisteredListener.java:70)\n\tat TRANSFORMER/arclight@1.20.1-1.0.5-1a8925b/org.bukkit.plugin.SimplePluginManager.fireEvent(SimplePluginManager.java:589)\n\tat TRANSFORMER/arclight@1.20.1-1.0.5-1a8925b/org.bukkit.plugin.SimplePluginManager.callEvent(SimplePluginManager.java:576)\n\tat io.github.thatsmusic99.headsplus.listeners.EntityDeathListener.dropHead(EntityDeathListener.java:146)\n\tat io.github.thatsmusic99.headsplus.listeners.EntityDeathListener.onEvent(EntityDeathListener.java:84)\n\tat io.github.thatsmusic99.headsplus.listeners.EntityDeathListener.onEvent(EntityDeathListener.java:28)\n\tat io.github.thatsmusic99.headsplus.util.events.HeadsPlusEventExecutor.execute(HeadsPlusEventExecutor.java:37)\n\tat TRANSFORMER/arclight@1.20.1-1.0.5-1a8925b/org.bukkit.plugin.RegisteredListener.callEvent(RegisteredListener.java:70)\n\tat TRANSFORMER/arclight@1.20.1-1.0.5-1a8925b/org.bukkit.plugin.SimplePluginManager.fireEvent(SimplePluginManager.java:589)\n\tat TRANSFORMER/arclight@1.20.1-1.0.5-1a8925b/org.bukkit.plugin.SimplePluginManager.callEvent(SimplePluginManager.java:576)\n\tat TRANSFORMER/arclight@1.20.1-1.0.5-1a8925b/io.izzel.arclight.common.mod.server.event.ArclightEventFactory.callEvent(ArclightEventFactory.java:20)\n\tat TRANSFORMER/arclight@1.20.1-1.0.5-1a8925b/io.izzel.arclight.common.mod.server.event.ArclightEventFactory.callEntityDeathEvent(ArclightEventFactory.java:38)\n\tat TRANSFORMER/arclight@1.20.1-1.0.5-1a8925b/io.izzel.arclight.common.mod.server.event.EntityEventDispatcher.onLivingDeath(EntityEventDispatcher.java:43)\n\tat TRANSFORMER/arclight@1.20.1-1.0.5-1a8925b/io.izzel.arclight.common.mod.server.event.__EntityEventDispatcher_onLivingDeath_LivingDropsEvent.invoke(.dynamic)\n\tat MC-BOOTSTRAP/net.minecraftforge.eventbus/net.minecraftforge.eventbus.ASMEventHandler.invoke(ASMEventHandler.java:73)\n\tat MC-BOOTSTRAP/net.minecraftforge.eventbus/net.minecraftforge.eventbus.EventBus.post(EventBus.java:315)\n\tat MC-BOOTSTRAP/net.minecraftforge.eventbus/net.minecraftforge.eventbus.EventBus.post(EventBus.java:296)\n\tat TRANSFORMER/forge@47.2.20/net.minecraftforge.common.ForgeHooks.onLivingDrops(ForgeHooksMixin.java:308)\n\tat TRANSFORMER/minecraft@1.20.1/net.minecraft.world.entity.LivingEntity.m_6668_(LivingEntityMixin.java:1376)\n\tat TRANSFORMER/minecraft@1.20.1/net.minecraft.world.entity.LivingEntity.m_6667_(LivingEntityMixin.java:1327)\n\tat TRANSFORMER/minecraft@1.20.1/net.minecraft.world.entity.LivingEntity.m_6469_(LivingEntityMixin.java:4157)\n\tat TRANSFORMER/minecraft@1.20.1/net.minecraft.world.entity.monster.Zombie.m_6469_(ZombieMixin.java:267)\n\tat TRANSFORMER/minecraft@1.20.1/net.minecraft.world.entity.player.Player.m_5706_(PlayerMixin.java:2532)\n\tat TRANSFORMER/minecraft@1.20.1/net.minecraft.server.level.ServerPlayer.m_5706_(ServerPlayerMixin.java:1400)\n\tat TRANSFORMER/minecraft@1.20.1/net.minecraft.server.network.ServerGamePacketListenerImpl$1Handler$04544a7e29fa4000ac41ada6547f8c90.m_141994_(ServerPlayNetHandlerMixin.java:1359)\n\tat TRANSFORMER/minecraft@1.20.1/net.minecraft.network.protocol.game.ServerboundInteractPacket$1.m_142457_(ServerboundInteractPacket.java:166)\n\tat TRANSFORMER/minecraft@1.20.1/net.minecraft.network.protocol.game.ServerboundInteractPacket.m_179617_(ServerboundInteractPacket.java:66)\n\tat TRANSFORMER/minecraft@1.20.1/net.minecraft.server.network.ServerGamePacketListenerImpl.m_6946_(ServerPlayNetHandlerMixin.java:3152)\n\tat TRANSFORMER/minecraft@1.20.1/net.minecraft.network.protocol.game.ServerboundInteractPacket.m_5797_(ServerboundInteractPacket.java:53)\n\tat TRANSFORMER/minecraft@1.20.1/net.minecraft.network.protocol.game.ServerboundInteractPacket.m_5797_(ServerboundInteractPacket.java:13)\n\tat TRANSFORMER/minecraft@1.20.1/net.minecraft.network.protocol.PacketUtils.mdf37814$lambda$ensureRunningOnSameThread$0$0(PacketThreadUtilMixin.java:537)\n\tat TRANSFORMER/minecraft@1.20.1/net.minecraft.server.TickTask.run(TickTask.java:18)\n\tat TRANSFORMER/minecraft@1.20.1/net.minecraft.util.thread.BlockableEventLoop.m_6367_(BlockableEventLoop.java:156)\n\tat TRANSFORMER/minecraft@1.20.1/net.minecraft.util.thread.ReentrantBlockableEventLoop.m_6367_(ReentrantBlockableEventLoop.java:23)\n\tat TRANSFORMER/minecraft@1.20.1/net.minecraft.server.MinecraftServer.m_6367_(MinecraftServerMixin.java:770)\n\tat TRANSFORMER/minecraft@1.20.1/net.minecraft.server.MinecraftServer.m_6367_(MinecraftServerMixin.java:161)\n\tat TRANSFORMER/minecraft@1.20.1/net.minecraft.util.thread.BlockableEventLoop.m_7245_(BlockableEventLoop.java:130)\n\tat TRANSFORMER/minecraft@1.20.1/net.minecraft.server.MinecraftServer.m_129961_(MinecraftServerMixin.java:753)\n\tat TRANSFORMER/minecraft@1.20.1/net.minecraft.server.MinecraftServer.m_7245_(MinecraftServerMixin.java:747)\n\tat TRANSFORMER/minecraft@1.20.1/net.minecraft.util.thread.BlockableEventLoop.m_18701_(BlockableEventLoop.java:139)\n\tat TRANSFORMER/minecraft@1.20.1/net.minecraft.server.MinecraftServer.m_130012_(MinecraftServerMixin.java:733)\n\tat TRANSFORMER/minecraft@1.20.1/net.minecraft.server.MinecraftServer.m_130011_(MinecraftServerMixin.java:2074)\n\tat TRANSFORMER/minecraft@1.20.1/net.minecraft.server.MinecraftServer.m_206580_(MinecraftServerMixin.java:251)\n\tat java.base/java.lang.Thread.run(Thread.java:1583)\n"
    ]
  }
}